first_line,second_line,num_seeds_seen,critical_count,critical_rate,mean_pio_score
L02,L07,5,5,1.0,0.39927317500114434
L02,L27,5,5,1.0,0.45288572311401365
L03,L09,5,5,1.0,0.5770960330963135
L04,L08,5,5,1.0,0.5066664814949036
L05,L10,5,5,1.0,0.5661762356758118
L06,L07,5,5,1.0,0.4572065532207489
L06,L27,5,5,1.0,0.4962702989578247
L07,L02,5,5,1.0,0.5818408489227295
L07,L06,5,5,1.0,0.653199291229248
L07,L23,5,5,1.0,0.7068114042282104
L07,L29,5,5,1.0,0.6586762070655823
L08,L01,5,5,1.0,0.5406128406524658
L08,L04,5,5,1.0,0.5425533056259155
L08,L09,5,5,1.0,0.6101355910301208
L08,L10,5,5,1.0,0.6217123150825501
L09,L03,5,5,1.0,0.47023904919624326
L10,L01,5,5,1.0,0.756846022605896
L10,L05,5,5,1.0,0.7310801267623901
L10,L07,5,5,1.0,0.735713005065918
L10,L08,5,5,1.0,0.7422402262687683
L10,L27,5,5,1.0,0.7262818694114686
L11,L12,5,5,1.0,0.548454999923706
L11,L13,5,5,1.0,0.5473078608512878
L12,L11,5,5,1.0,0.40920497179031373
L12,L13,5,5,1.0,0.6913172245025635
L13,L11,5,5,1.0,0.501576554775238
L13,L12,5,5,1.0,0.44138360023498535
L19,L23,5,5,1.0,0.480082768201828
L21,L22,5,5,1.0,0.6607051014900207
L23,L19,5,5,1.0,0.6609840512275695
L24,L28,5,5,1.0,0.6238896727561951
L25,L26,5,5,1.0,0.7580097436904907
L25,L28,5,5,1.0,0.7767406702041626
L26,L25,5,5,1.0,0.7580097436904907
L26,L28,5,5,1.0,0.7767406702041626
L27,L02,5,5,1.0,0.6275382399559021
L27,L06,5,5,1.0,0.711961817741394
L27,L23,5,5,1.0,0.7675826549530029
L27,L29,5,5,1.0,0.7148367166519165
L28,L24,5,5,1.0,0.8234426498413085
L28,L25,5,5,1.0,0.8269238233566284
L28,L26,5,5,1.0,0.8269238233566284
L29,L07,5,5,1.0,0.49367684721946714
L29,L23,5,5,1.0,0.574345076084137
L29,L27,5,5,1.0,0.5480425119400024
L10,L09,5,4,0.8,0.7468719601631164
L16,L17,5,4,0.8,0.7027682423591614
L17,L16,5,4,0.8,0.7278144001960755
L31,L38,5,4,0.8,0.6640769243240356
L38,L31,5,4,0.8,0.6115084767341614
L04,L09,5,3,0.6,0.5389712452888489
L08,L07,5,3,0.6,0.5806535005569458
L08,L27,5,3,0.6,0.5824416279792786
L10,L02,5,3,0.6,0.7362307429313659
L04,L10,5,2,0.4,0.5589684247970581
L07,L24,5,2,0.4,0.6832306504249572
L07,L28,5,2,0.4,0.6962565422058106
L08,L02,5,2,0.4,0.5620356917381286
L10,L04,5,2,0.4,0.7095942735671997
L24,L07,5,2,0.4,0.505574518442154
L24,L27,5,2,0.4,0.5636403322219848
L27,L24,5,2,0.4,0.7416279196739197
L27,L28,5,2,0.4,0.7561967492103576
L28,L07,5,2,0.4,0.7006219863891602
L28,L27,5,2,0.4,0.7807840824127197
L01,L12,5,1,0.2,0.482253634929657
L01,L13,5,1,0.2,0.4758646488189697
L04,L01,5,1,0.2,0.5020054578781128
L23,L29,5,1,0.2,0.5502003788948059
L01,L02,5,0,0.0,0.46027061343193054
L01,L03,5,0,0.0,0.3462848007678986
L01,L04,5,0,0.0,0.39467833638191224
L01,L05,5,0,0.0,0.4218761444091797
L01,L06,5,0,0.0,0.3687920391559601
L01,L07,5,0,0.0,0.4627240002155304
L01,L08,5,0,0.0,0.4240474820137024
L01,L09,5,0,0.0,0.48445825576782225
L01,L10,5,0,0.0,0.48972630500793457
L01,L11,5,0,0.0,0.34526081681251525
L01,L14,5,0,0.0,0.4927566111087799
L01,L15,5,0,0.0,0.49733195900917054
L01,L16,5,0,0.0,0.5168338656425476
L01,L17,5,0,0.0,0.5201541423797608
L01,L18,5,0,0.0,0.49478003978729246
L01,L19,5,0,0.0,0.4619249105453491
L01,L20,5,0,0.0,0.48403998613357546
L01,L21,5,0,0.0,0.4902139902114868
L01,L22,5,0,0.0,0.4485020935535431
L01,L23,5,0,0.0,0.5027201235294342
L01,L24,5,0,0.0,0.41459137201309204
L01,L25,5,0,0.0,0.4851929783821106
L01,L26,5,0,0.0,0.4851929783821106
L01,L27,5,0,0.0,0.4902279913425446
L01,L28,5,0,0.0,0.5034037351608276
L01,L29,5,0,0.0,0.3797325909137726
L01,L30,5,0,0.0,0.43712236881256106
L01,L31,5,0,0.0,0.42549991607666016
L01,L32,5,0,0.0,0.3898127615451813
L01,L33,5,0,0.0,0.3898127615451813
L01,L34,5,0,0.0,0.35320147275924685
L01,L35,5,0,0.0,0.35320147275924685
L01,L36,5,0,0.0,0.42990670800209047
L01,L37,5,0,0.0,0.42990670800209047
L01,L38,5,0,0.0,0.4546813011169434
L02,L01,5,0,0.0,0.3193707585334778
L02,L03,5,0,0.0,0.4044901132583618
L02,L04,5,0,0.0,0.325280749797821
L02,L05,5,0,0.0,0.328901606798172
L02,L06,5,0,0.0,0.30449426174163813
L02,L08,5,0,0.0,0.3513262867927551
L02,L09,5,0,0.0,0.3007340550422668
L02,L10,5,0,0.0,0.3973856568336486
L02,L11,5,0,0.0,0.3741393208503723
L02,L12,5,0,0.0,0.3194883406162262
L02,L13,5,0,0.0,0.2946592032909393
L02,L14,5,0,0.0,0.3753446102142334
L02,L15,5,0,0.0,0.3758110046386719
L02,L16,5,0,0.0,0.4156838238239288
L02,L17,5,0,0.0,0.4140950977802277
L02,L18,5,0,0.0,0.36875776052474973
L02,L19,5,0,0.0,0.4015773952007294
L02,L20,5,0,0.0,0.33424960374832147
L02,L21,5,0,0.0,0.3931167960166931
L02,L22,5,0,0.0,0.3775953948497772
L02,L23,5,0,0.0,0.4813132643699646
L02,L24,5,0,0.0,0.418330317735672
L02,L25,5,0,0.0,0.46686562299728396
L02,L26,5,0,0.0,0.46686562299728396
L02,L28,5,0,0.0,0.4891467750072479
L02,L29,5,0,0.0,0.39069938659667963
L02,L30,5,0,0.0,0.42901669144630433
L02,L31,5,0,0.0,0.41425666213035583
L02,L32,5,0,0.0,0.38026992082595823
L02,L33,5,0,0.0,0.3802699148654938
L02,L34,5,0,0.0,0.3053531050682068
L02,L35,5,0,0.0,0.30535309910774233
L02,L36,5,0,0.0,0.3365441203117371
L02,L37,5,0,0.0,0.3365441024303436
L02,L38,5,0,0.0,0.4405142068862915
L03,L01,5,0,0.0,0.49056389927864075
L03,L02,5,0,0.0,0.4663106739521027
L03,L04,5,0,0.0,0.44700281620025634
L03,L05,5,0,0.0,0.476540744304657
L03,L06,5,0,0.0,0.3989681780338287
L03,L07,5,0,0.0,0.4386414587497711
L03,L08,5,0,0.0,0.45117862820625304
L03,L10,5,0,0.0,0.5645701885223389
L03,L11,5,0,0.0,0.5347190856933594
L03,L12,5,0,0.0,0.4742296993732452
L03,L13,5,0,0.0,0.40928969979286195
L03,L14,5,0,0.0,0.5321249485015869
L03,L15,5,0,0.0,0.5657143115997314
L03,L16,5,0,0.0,0.6050034880638122
L03,L17,5,0,0.0,0.6227329850196839
L03,L18,5,0,0.0,0.5918119192123413
L03,L19,5,0,0.0,0.42058347463607787
L03,L20,5,0,0.0,0.5756001472473145
L03,L21,5,0,0.0,0.5856287360191346
L03,L22,5,0,0.0,0.505312728881836
L03,L23,5,0,0.0,0.492084139585495
L03,L24,5,0,0.0,0.3522975087165833
L03,L25,5,0,0.0,0.3917295277118683
L03,L26,5,0,0.0,0.3917295157909393
L03,L27,5,0,0.0,0.3827978909015655
L03,L28,5,0,0.0,0.4358915865421295
L03,L29,5,0,0.0,0.36072561144828796
L03,L30,5,0,0.0,0.3936427593231201
L03,L31,5,0,0.0,0.35962516069412226
L03,L32,5,0,0.0,0.3646118342876434
L03,L33,5,0,0.0,0.3646118342876434
L03,L34,5,0,0.0,0.45395064949989317
L03,L35,5,0,0.0,0.45395064949989317
L03,L36,5,0,0.0,0.5499103307723999
L03,L37,5,0,0.0,0.5499103307723999
L03,L38,5,0,0.0,0.3814375936985016
L04,L02,5,0,0.0,0.4806871771812439
L04,L03,5,0,0.0,0.37798325419425965
L04,L05,5,0,0.0,0.38759151101112366
L04,L06,5,0,0.0,0.42912850975990297
L04,L07,5,0,0.0,0.5185398697853089
L04,L11,5,0,0.0,0.49729660153388977
L04,L12,5,0,0.0,0.46818873286247253
L04,L13,5,0,0.0,0.43785067796707156
L04,L14,5,0,0.0,0.5355351328849792
L04,L15,5,0,0.0,0.5413382530212403
L04,L16,5,0,0.0,0.5678441524505615
L04,L17,5,0,0.0,0.5717034459114074
L04,L18,5,0,0.0,0.5426859140396119
L04,L19,5,0,0.0,0.5015227973461152
L04,L20,5,0,0.0,0.5308593392372132
L04,L21,5,0,0.0,0.5366359114646911
L04,L22,5,0,0.0,0.4893720030784607
L04,L23,5,0,0.0,0.5478013396263123
L04,L24,5,0,0.0,0.44021989703178405
L04,L25,5,0,0.0,0.5308233380317688
L04,L26,5,0,0.0,0.5308233380317688
L04,L27,5,0,0.0,0.5363639712333679
L04,L28,5,0,0.0,0.5483562469482421
L04,L29,5,0,0.0,0.40571955442428587
L04,L30,5,0,0.0,0.474285751581192
L04,L31,5,0,0.0,0.46337281465530394
L04,L32,5,0,0.0,0.42330636382102965
L04,L33,5,0,0.0,0.42330636382102965
L04,L34,5,0,0.0,0.3854768455028533
L04,L35,5,0,0.0,0.3854768455028533
L04,L36,5,0,0.0,0.47173984050750734
L04,L37,5,0,0.0,0.47173985838890076
L04,L38,5,0,0.0,0.49660844802856446
L05,L01,5,0,0.0,0.4822924375534058
L05,L02,5,0,0.0,0.4923418939113617
L05,L03,5,0,0.0,0.3795940101146698
L05,L04,5,0,0.0,0.44279659986495973
L05,L06,5,0,0.0,0.42470099329948424
L05,L07,5,0,0.0,0.5282802820205689
L05,L08,5,0,0.0,0.5362234115600586
L05,L09,5,0,0.0,0.5439900994300843
L05,L11,5,0,0.0,0.5006082832813263
L05,L12,5,0,0.0,0.49108354449272157
L05,L13,5,0,0.0,0.45922589898109434
L05,L14,5,0,0.0,0.5542434692382813
L05,L15,5,0,0.0,0.5590736627578735
L05,L16,5,0,0.0,0.5789961576461792
L05,L17,5,0,0.0,0.5825597882270813
L05,L18,5,0,0.0,0.5560483455657959
L05,L19,5,0,0.0,0.5194640755653381
L05,L20,5,0,0.0,0.5442080020904541
L05,L21,5,0,0.0,0.5503866314888001
L05,L22,5,0,0.0,0.5041449964046478
L05,L23,5,0,0.0,0.5628798365592956
L05,L24,5,0,0.0,0.46372437477111816
L05,L25,5,0,0.0,0.5432342886924744
L05,L26,5,0,0.0,0.5432342886924744
L05,L27,5,0,0.0,0.5498169302940369
L05,L28,5,0,0.0,0.5632160305976868
L05,L29,5,0,0.0,0.4242019891738892
L05,L30,5,0,0.0,0.48879926204681395
L05,L31,5,0,0.0,0.4759168803691864
L05,L32,5,0,0.0,0.43623682856559753
L05,L33,5,0,0.0,0.436236834526062
L05,L34,5,0,0.0,0.3955095946788788
L05,L35,5,0,0.0,0.3955095946788788
L05,L36,5,0,0.0,0.4827946305274963
L05,L37,5,0,0.0,0.4827946305274963
L05,L38,5,0,0.0,0.5088108479976654
L06,L01,5,0,0.0,0.43069909811019896
L06,L02,5,0,0.0,0.3772372484207153
L06,L03,5,0,0.0,0.3450422823429108
L06,L04,5,0,0.0,0.3162501633167267
L06,L05,5,0,0.0,0.3448707818984985
L06,L08,5,0,0.0,0.46621357798576357
L06,L09,5,0,0.0,0.4441165626049042
L06,L10,5,0,0.0,0.49069286584854127
L06,L11,5,0,0.0,0.445093035697937
L06,L12,5,0,0.0,0.38562610745429987
L06,L13,5,0,0.0,0.352961403131485
L06,L14,5,0,0.0,0.46574615240097045
L06,L15,5,0,0.0,0.47499108910560606
L06,L16,5,0,0.0,0.4991342008113861
L06,L17,5,0,0.0,0.5039823472499847
L06,L18,5,0,0.0,0.4671208143234253
L06,L19,5,0,0.0,0.4510897397994995
L06,L20,5,0,0.0,0.4460017442703247
L06,L21,5,0,0.0,0.4787497818470001
L06,L22,5,0,0.0,0.4473654866218567
L06,L23,5,0,0.0,0.5173212647438049
L06,L24,5,0,0.0,0.4349066257476807
L06,L25,5,0,0.0,0.5002755403518677
L06,L26,5,0,0.0,0.5002755403518677
L06,L28,5,0,0.0,0.5210672616958618
L06,L29,5,0,0.0,0.4024436056613922
L06,L30,5,0,0.0,0.45474858283996583
L06,L31,5,0,0.0,0.44107659459114074
L06,L32,5,0,0.0,0.40444419980049134
L06,L33,5,0,0.0,0.4044442057609558
L06,L34,5,0,0.0,0.34100986719131465
L06,L35,5,0,0.0,0.34100986719131465
L06,L36,5,0,0.0,0.4019424140453339
L06,L37,5,0,0.0,0.40194242596626284
L06,L38,5,0,0.0,0.47051274180412295
L07,L01,5,0,0.0,0.5042966723442077
L07,L03,5,0,0.0,0.47245293855667114
L07,L04,5,0,0.0,0.5145077705383301
L07,L05,5,0,0.0,0.47278590202331544
L07,L08,5,0,0.0,0.5771477818489075
L07,L09,5,0,0.0,0.5804221153259277
L07,L10,5,0,0.0,0.6408592462539673
L07,L11,5,0,0.0,0.5905344247817993
L07,L12,5,0,0.0,0.5316224217414856
L07,L13,5,0,0.0,0.5345657229423523
L07,L14,5,0,0.0,0.6655478596687316
L07,L15,5,0,0.0,0.6583749651908875
L07,L16,5,0,0.0,0.66849684715271
L07,L17,5,0,0.0,0.6615843415260315
L07,L18,5,0,0.0,0.6115036010742188
L07,L19,5,0,0.0,0.6678915739059448
L07,L20,5,0,0.0,0.5914388060569763
L07,L21,5,0,0.0,0.656651771068573
L07,L22,5,0,0.0,0.6302656769752503
L07,L25,5,0,0.0,0.6337264657020569
L07,L26,5,0,0.0,0.6337264657020569
L07,L27,5,0,0.0,0.4359146058559418
L07,L30,5,0,0.0,0.6273218750953674
L07,L31,5,0,0.0,0.589146864414215
L07,L32,5,0,0.0,0.5514535427093505
L07,L33,5,0,0.0,0.5514535427093505
L07,L34,5,0,0.0,0.4659949839115143
L07,L35,5,0,0.0,0.4659949719905853
L07,L36,5,0,0.0,0.5192541897296905
L07,L37,5,0,0.0,0.5192541956901551
L07,L38,5,0,0.0,0.6069074034690857
L08,L03,5,0,0.0,0.4890855312347412
L08,L05,5,0,0.0,0.45826558470726014
L08,L06,5,0,0.0,0.5271817743778229
L08,L11,5,0,0.0,0.5504712104797364
L08,L12,5,0,0.0,0.5351780533790589
L08,L13,5,0,0.0,0.523686695098877
L08,L14,5,0,0.0,0.5741710424423218
L08,L15,5,0,0.0,0.582624089717865
L08,L16,5,0,0.0,0.6277827739715576
L08,L17,5,0,0.0,0.6311753392219543
L08,L18,5,0,0.0,0.5901533365249634
L08,L19,5,0,0.0,0.5389816761016846
L08,L20,5,0,0.0,0.5774141550064087
L08,L21,5,0,0.0,0.5817320942878723
L08,L22,5,0,0.0,0.5276849150657654
L08,L23,5,0,0.0,0.588278877735138
L08,L24,5,0,0.0,0.4636004149913788
L08,L25,5,0,0.0,0.5747238278388977
L08,L26,5,0,0.0,0.5747238278388977
L08,L28,5,0,0.0,0.5877842426300048
L08,L29,5,0,0.0,0.42681664824485777
L08,L30,5,0,0.0,0.5071366012096405
L08,L31,5,0,0.0,0.4978726267814636
L08,L32,5,0,0.0,0.45308088064193724
L08,L33,5,0,0.0,0.45308088660240176
L08,L34,5,0,0.0,0.4168164968490601
L08,L35,5,0,0.0,0.4168164968490601
L08,L36,5,0,0.0,0.5123946964740753
L08,L37,5,0,0.0,0.5123946845531464
L08,L38,5,0,0.0,0.5358320474624634
L09,L01,5,0,0.0,0.35200826525688167
L09,L02,5,0,0.0,0.3249268054962158
L09,L04,5,0,0.0,0.36354141235351556
L09,L05,5,0,0.0,0.36550950407981875
L09,L06,5,0,0.0,0.3254573166370392
L09,L07,5,0,0.0,0.4593637704849243
L09,L08,5,0,0.0,0.40513094067573546
L09,L10,5,0,0.0,0.4483962833881378
L09,L11,5,0,0.0,0.42183432579040525
L09,L12,5,0,0.0,0.35697688460350036
L09,L13,5,0,0.0,0.32949620485305786
L09,L14,5,0,0.0,0.42547379732131957
L09,L15,5,0,0.0,0.42609061002731324
L09,L16,5,0,0.0,0.4635735034942627
L09,L17,5,0,0.0,0.46303829550743103
L09,L18,5,0,0.0,0.4138232469558716
L09,L19,5,0,0.0,0.4503182888031006
L09,L20,5,0,0.0,0.37464494109153745
L09,L21,5,0,0.0,0.44288271069526675
L09,L22,5,0,0.0,0.42593458890914915
L09,L23,5,0,0.0,0.5449842095375061
L09,L24,5,0,0.0,0.47233524918556213
L09,L25,5,0,0.0,0.5304300308227539
L09,L26,5,0,0.0,0.5304300308227539
L09,L27,5,0,0.0,0.5165378332138062
L09,L28,5,0,0.0,0.5545983433723449
L09,L29,5,0,0.0,0.4409226179122925
L09,L30,5,0,0.0,0.4862183690071106
L09,L31,5,0,0.0,0.46979795694351195
L09,L32,5,0,0.0,0.43132892847061155
L09,L33,5,0,0.0,0.43132892847061155
L09,L34,5,0,0.0,0.34575424790382386
L09,L35,5,0,0.0,0.34575424790382386
L09,L36,5,0,0.0,0.38089184761047357
L09,L37,5,0,0.0,0.3808918535709381
L09,L38,5,0,0.0,0.5000343203544617
L10,L03,5,0,0.0,0.7189613699913024
L10,L06,5,0,0.0,0.6811689615249634
L10,L11,5,0,0.0,0.6594119429588318
L10,L12,5,0,0.0,0.6642109513282776
L10,L13,5,0,0.0,0.6512113690376282
L10,L14,5,0,0.0,0.7436595797538758
L10,L15,5,0,0.0,0.747990608215332
L10,L16,5,0,0.0,0.7429314255714417
L10,L17,5,0,0.0,0.7473690867424011
L10,L18,5,0,0.0,0.7190954685211182
L10,L19,5,0,0.0,0.66855309009552
L10,L20,5,0,0.0,0.7047982335090637
L10,L21,5,0,0.0,0.7090997695922852
L10,L22,5,0,0.0,0.6451676964759827
L10,L23,5,0,0.0,0.7160795092582702
L10,L24,5,0,0.0,0.5844547510147095
L10,L25,5,0,0.0,0.700842308998108
L10,L26,5,0,0.0,0.700842308998108
L10,L28,5,0,0.0,0.7162364602088929
L10,L29,5,0,0.0,0.5306607484817505
L10,L30,5,0,0.0,0.6195909261703492
L10,L31,5,0,0.0,0.6053842067718506
L10,L32,5,0,0.0,0.5577607035636902
L10,L33,5,0,0.0,0.5577606916427612
L10,L34,5,0,0.0,0.5044499218463898
L10,L35,5,0,0.0,0.5044499099254608
L10,L36,5,0,0.0,0.6197474956512451
L10,L37,5,0,0.0,0.6197474956512451
L10,L38,5,0,0.0,0.6516350865364074
L11,L01,5,0,0.0,0.37753170132637026
L11,L02,5,0,0.0,0.36921856999397273
L11,L03,5,0,0.0,0.518786883354187
L11,L04,5,0,0.0,0.4376196265220642
L11,L05,5,0,0.0,0.4428110718727112
L11,L06,5,0,0.0,0.3973458588123321
L11,L07,5,0,0.0,0.48089399337768557
L11,L08,5,0,0.0,0.4557830929756165
L11,L09,5,0,0.0,0.42461787462234496
L11,L10,5,0,0.0,0.5511487483978271
L11,L14,5,0,0.0,0.5502954363822937
L11,L15,5,0,0.0,0.5616076111793518
L11,L16,5,0,0.0,0.5752617239952087
L11,L17,5,0,0.0,0.5842123389244079
L11,L18,5,0,0.0,0.5595165967941285
L11,L19,5,0,0.0,0.4825190842151642
L11,L20,5,0,0.0,0.5451447129249573
L11,L21,5,0,0.0,0.5528748869895935
L11,L22,5,0,0.0,0.49634974598884585
L11,L23,5,0,0.0,0.5421933710575104
L11,L24,5,0,0.0,0.40192886590957644
L11,L25,5,0,0.0,0.46345011591911317
L11,L26,5,0,0.0,0.46345011591911317
L11,L27,5,0,0.0,0.4776939988136292
L11,L28,5,0,0.0,0.5130539476871491
L11,L29,5,0,0.0,0.377912026643753
L11,L30,5,0,0.0,0.4172100484371185
L11,L31,5,0,0.0,0.40104896426200864
L11,L32,5,0,0.0,0.35736669898033135
L11,L33,5,0,0.0,0.35736668705940244
L11,L34,5,0,0.0,0.3985509574413299
L11,L35,5,0,0.0,0.3985509574413299
L11,L36,5,0,0.0,0.49227099418640136
L11,L37,5,0,0.0,0.49227099418640136
L11,L38,5,0,0.0,0.4179588258266449
L12,L01,5,0,0.0,0.4392493724822998
L12,L02,5,0,0.0,0.42194581031799316
L12,L03,5,0,0.0,0.6285359621047973
L12,L04,5,0,0.0,0.45147271156311036
L12,L05,5,0,0.0,0.5638455986976624
L12,L06,5,0,0.0,0.47724537253379823
L12,L07,5,0,0.0,0.5248904466629029
L12,L08,5,0,0.0,0.5965987801551819
L12,L09,5,0,0.0,0.48371183276176455
L12,L10,5,0,0.0,0.6451519846916198
L12,L14,5,0,0.0,0.602864670753479
L12,L15,5,0,0.0,0.6290533781051636
L12,L16,5,0,0.0,0.6886512994766235
L12,L17,5,0,0.0,0.6969658374786377
L12,L18,5,0,0.0,0.6498774528503418
L12,L19,5,0,0.0,0.5540005445480347
L12,L20,5,0,0.0,0.6320690870285034
L12,L21,5,0,0.0,0.6404747724533081
L12,L22,5,0,0.0,0.5726905465126038
L12,L23,5,0,0.0,0.6170631289482117
L12,L24,5,0,0.0,0.4433633327484131
L12,L25,5,0,0.0,0.5067233204841614
L12,L26,5,0,0.0,0.5067233085632324
L12,L27,5,0,0.0,0.5231878936290741
L12,L28,5,0,0.0,0.5756971120834351
L12,L29,5,0,0.0,0.42302954792976377
L12,L30,5,0,0.0,0.46358811259269717
L12,L31,5,0,0.0,0.4426915407180786
L12,L32,5,0,0.0,0.3966460645198822
L12,L33,5,0,0.0,0.3966460585594177
L12,L34,5,0,0.0,0.46013243198394777
L12,L35,5,0,0.0,0.4601324200630188
L12,L36,5,0,0.0,0.5697133898735046
L12,L37,5,0,0.0,0.5697133898735046
L12,L38,5,0,0.0,0.4570089042186737
L13,L01,5,0,0.0,0.41425780653953553
L13,L02,5,0,0.0,0.38884087204933165
L13,L03,5,0,0.0,0.5324887990951538
L13,L04,5,0,0.0,0.44080637097358705
L13,L05,5,0,0.0,0.43698799014091494
L13,L06,5,0,0.0,0.3951353311538696
L13,L07,5,0,0.0,0.5414389729499817
L13,L08,5,0,0.0,0.4659633219242096
L13,L09,5,0,0.0,0.39842275381088255
L13,L10,5,0,0.0,0.5296099424362183
L13,L14,5,0,0.0,0.5070899188518524
L13,L15,5,0,0.0,0.5077711284160614
L13,L16,5,0,0.0,0.5531038522720337
L13,L17,5,0,0.0,0.5520784854888916
L13,L18,5,0,0.0,0.4943198382854462
L13,L19,5,0,0.0,0.5382589221000671
L13,L20,5,0,0.0,0.4477583408355713
L13,L21,5,0,0.0,0.5278750658035278
L13,L22,5,0,0.0,0.5075379252433777
L13,L23,5,0,0.0,0.6477588176727295
L13,L24,5,0,0.0,0.5628385543823242
L13,L25,5,0,0.0,0.6292505741119385
L13,L26,5,0,0.0,0.6292505741119385
L13,L27,5,0,0.0,0.6112346649169922
L13,L28,5,0,0.0,0.6585794687271118
L13,L29,5,0,0.0,0.5251882553100586
L13,L30,5,0,0.0,0.5774999022483825
L13,L31,5,0,0.0,0.5577600359916687
L13,L32,5,0,0.0,0.5120926976203919
L13,L33,5,0,0.0,0.5120926976203919
L13,L34,5,0,0.0,0.4108810663223267
L13,L35,5,0,0.0,0.4108810663223267
L13,L36,5,0,0.0,0.45284311175346376
L13,L37,5,0,0.0,0.45284311175346376
L13,L38,5,0,0.0,0.5933188676834107
L14,L01,5,0,0.0,0.4520865917205811
L14,L02,5,0,0.0,0.43391937017440796
L14,L03,5,0,0.0,0.5582770109176636
L14,L04,5,0,0.0,0.5257152438163757
L14,L05,5,0,0.0,0.460692697763443
L14,L06,5,0,0.0,0.4786301553249359
L14,L07,5,0,0.0,0.5020279228687287
L14,L08,5,0,0.0,0.5088952302932739
L14,L09,5,0,0.0,0.5197238445281982
L14,L10,5,0,0.0,0.6341792225837708
L14,L11,5,0,0.0,0.5580988764762879
L14,L12,5,0,0.0,0.48459659814834594
L14,L13,5,0,0.0,0.550152587890625
L14,L15,5,0,0.0,0.6410233020782471
L14,L16,5,0,0.0,0.6554371118545532
L14,L17,5,0,0.0,0.6630891799926758
L14,L18,5,0,0.0,0.5987586140632629
L14,L19,5,0,0.0,0.41135838627815247
L14,L20,5,0,0.0,0.6348996877670288
L14,L21,5,0,0.0,0.6350852370262146
L14,L22,5,0,0.0,0.5315375685691833
L14,L23,5,0,0.0,0.5093103051185608
L14,L24,5,0,0.0,0.37246550917625426
L14,L25,5,0,0.0,0.4192262589931488
L14,L26,5,0,0.0,0.4192262589931488
L14,L27,5,0,0.0,0.456374853849411
L14,L28,5,0,0.0,0.44139888882637024
L14,L29,5,0,0.0,0.37924817204475403
L14,L30,5,0,0.0,0.42250766754150393
L14,L31,5,0,0.0,0.38355281949043274
L14,L32,5,0,0.0,0.388804417848587
L14,L33,5,0,0.0,0.388804417848587
L14,L34,5,0,0.0,0.46443408727645874
L14,L35,5,0,0.0,0.46443408727645874
L14,L36,5,0,0.0,0.5768049001693726
L14,L37,5,0,0.0,0.5768049001693726
L14,L38,5,0,0.0,0.4083344042301178
L15,L01,5,0,0.0,0.46276426315307617
L15,L02,5,0,0.0,0.45171462893486025
L15,L03,5,0,0.0,0.554967737197876
L15,L04,5,0,0.0,0.5432120442390442
L15,L05,5,0,0.0,0.4567450940608978
L15,L06,5,0,0.0,0.5086996853351593
L15,L07,5,0,0.0,0.5418891429901123
L15,L08,5,0,0.0,0.5201514184474945
L15,L09,5,0,0.0,0.5456402659416199
L15,L10,5,0,0.0,0.6501702785491943
L15,L11,5,0,0.0,0.5792531490325927
L15,L12,5,0,0.0,0.4547420561313629
L15,L13,5,0,0.0,0.5439247131347656
L15,L14,5,0,0.0,0.638943076133728
L15,L16,5,0,0.0,0.6538241147994995
L15,L17,5,0,0.0,0.6870792031288147
L15,L18,5,0,0.0,0.6658137083053589
L15,L19,5,0,0.0,0.4826951503753662
L15,L20,5,0,0.0,0.5581748604774475
L15,L21,5,0,0.0,0.613765275478363
L15,L22,5,0,0.0,0.5504575610160828
L15,L23,5,0,0.0,0.6284112572669983
L15,L24,5,0,0.0,0.4734523296356201
L15,L25,5,0,0.0,0.5922715544700623
L15,L26,5,0,0.0,0.5922715544700623
L15,L27,5,0,0.0,0.5819100856781005
L15,L28,5,0,0.0,0.6102517127990723
L15,L29,5,0,0.0,0.509866464138031
L15,L30,5,0,0.0,0.4624168038368225
L15,L31,5,0,0.0,0.5358572602272034
L15,L32,5,0,0.0,0.5063181400299073
L15,L33,5,0,0.0,0.5063181400299073
L15,L34,5,0,0.0,0.5630073189735413
L15,L35,5,0,0.0,0.5630073428153992
L15,L36,5,0,0.0,0.6315840244293213
L15,L37,5,0,0.0,0.6315840244293213
L15,L38,5,0,0.0,0.5873584985733032
L16,L01,5,0,0.0,0.4690181612968445
L16,L02,5,0,0.0,0.4409107804298401
L16,L03,5,0,0.0,0.6253801107406616
L16,L04,5,0,0.0,0.45656023621559144
L16,L05,5,0,0.0,0.5538282871246338
L16,L06,5,0,0.0,0.4981547832489014
L16,L07,5,0,0.0,0.5614864826202393
L16,L08,5,0,0.0,0.5866088509559632
L16,L09,5,0,0.0,0.43636355400085447
L16,L10,5,0,0.0,0.6119402527809144
L16,L11,5,0,0.0,0.6049906015396118
L16,L12,5,0,0.0,0.5946395516395568
L16,L13,5,0,0.0,0.49831201434135436
L16,L14,5,0,0.0,0.6375624418258667
L16,L15,5,0,0.0,0.6593749642372131
L16,L18,5,0,0.0,0.6073022723197937
L16,L19,5,0,0.0,0.41358262300491333
L16,L20,5,0,0.0,0.6696351528167724
L16,L21,5,0,0.0,0.6703761696815491
L16,L22,5,0,0.0,0.5535398125648499
L16,L23,5,0,0.0,0.5453368782997131
L16,L24,5,0,0.0,0.3960685610771179
L16,L25,5,0,0.0,0.5129929780960083
L16,L26,5,0,0.0,0.5129929661750794
L16,L27,5,0,0.0,0.5358317375183106
L16,L28,5,0,0.0,0.49328333139419556
L16,L29,5,0,0.0,0.40380607843399047
L16,L30,5,0,0.0,0.40001967549324036
L16,L31,5,0,0.0,0.47442920207977296
L16,L32,5,0,0.0,0.46510196924209596
L16,L33,5,0,0.0,0.4651019752025604
L16,L34,5,0,0.0,0.4908010244369507
L16,L35,5,0,0.0,0.4908010244369507
L16,L36,5,0,0.0,0.6073682904243469
L16,L37,5,0,0.0,0.607368266582489
L16,L38,5,0,0.0,0.536487627029419
L17,L01,5,0,0.0,0.4772859811782837
L17,L02,5,0,0.0,0.4535536766052245
L17,L03,5,0,0.0,0.64139244556427
L17,L04,5,0,0.0,0.4580268859863281
L17,L05,5,0,0.0,0.5795155167579651
L17,L06,5,0,0.0,0.5387442350387573
L17,L07,5,0,0.0,0.6060611486434937
L17,L08,5,0,0.0,0.6319107294082642
L17,L09,5,0,0.0,0.4605724155902863
L17,L10,5,0,0.0,0.6273520708084106
L17,L11,5,0,0.0,0.6334156155586242
L17,L12,5,0,0.0,0.6366775035858154
L17,L13,5,0,0.0,0.5379455208778381
L17,L14,5,0,0.0,0.6498855590820313
L17,L15,5,0,0.0,0.7088986754417419
L17,L18,5,0,0.0,0.7211532354354858
L17,L19,5,0,0.0,0.5436196506023407
L17,L20,5,0,0.0,0.567995548248291
L17,L21,5,0,0.0,0.6382851481437684
L17,L22,5,0,0.0,0.5875868797302246
L17,L23,5,0,0.0,0.6798220038414001
L17,L24,5,0,0.0,0.5177407205104828
L17,L25,5,0,0.0,0.6234837412834168
L17,L26,5,0,0.0,0.6234837293624877
L17,L27,5,0,0.0,0.6147369623184205
L17,L28,5,0,0.0,0.6549507856369019
L17,L29,5,0,0.0,0.5431491374969483
L17,L30,5,0,0.0,0.49366286396980286
L17,L31,5,0,0.0,0.568604850769043
L17,L32,5,0,0.0,0.53466756939888
L17,L33,5,0,0.0,0.53466756939888
L17,L34,5,0,0.0,0.5924481630325318
L17,L35,5,0,0.0,0.5924481630325318
L17,L36,5,0,0.0,0.6661429286003113
L17,L37,5,0,0.0,0.6661429286003113
L17,L38,5,0,0.0,0.6177793622016907
L18,L01,5,0,0.0,0.44545590281486513
L18,L02,5,0,0.0,0.4301630616188049
L18,L03,5,0,0.0,0.5676881074905396
L18,L04,5,0,0.0,0.46988036036491393
L18,L05,5,0,0.0,0.47121492624282835
L18,L06,5,0,0.0,0.41831645369529724
L18,L07,5,0,0.0,0.5647852778434753
L18,L08,5,0,0.0,0.5104776740074157
L18,L09,5,0,0.0,0.4285241425037384
L18,L10,5,0,0.0,0.5675653219223022
L18,L11,5,0,0.0,0.5375459671020508
L18,L12,5,0,0.0,0.4555684566497803
L18,L13,5,0,0.0,0.42322354912757876
L18,L14,5,0,0.0,0.5080630660057068
L18,L15,5,0,0.0,0.5790071129798889
L18,L16,5,0,0.0,0.5355962872505188
L18,L17,5,0,0.0,0.6145588994026184
L18,L19,5,0,0.0,0.5658811926841736
L18,L20,5,0,0.0,0.589063310623169
L18,L21,5,0,0.0,0.5191682815551758
L18,L22,5,0,0.0,0.38398581743240356
L18,L23,5,0,0.0,0.6923129081726074
L18,L24,5,0,0.0,0.614061427116394
L18,L25,5,0,0.0,0.6746375322341919
L18,L26,5,0,0.0,0.6746375322341919
L18,L27,5,0,0.0,0.6470810651779175
L18,L28,5,0,0.0,0.7084041476249695
L18,L29,5,0,0.0,0.5527104258537292
L18,L30,5,0,0.0,0.6222378969192505
L18,L31,5,0,0.0,0.5995195627212524
L18,L32,5,0,0.0,0.5516637802124024
L18,L33,5,0,0.0,0.5516637802124024
L18,L34,5,0,0.0,0.44054619073867796
L18,L35,5,0,0.0,0.44054619073867796
L18,L36,5,0,0.0,0.482208776473999
L18,L37,5,0,0.0,0.48220877647399896
L18,L38,5,0,0.0,0.6372507452964783
L19,L01,5,0,0.0,0.41310249567031854
L19,L02,5,0,0.0,0.3993747889995575
L19,L03,5,0,0.0,0.5318617820739746
L19,L04,5,0,0.0,0.4430468320846558
L19,L05,5,0,0.0,0.4468394160270691
L19,L06,5,0,0.0,0.37321634292602535
L19,L07,5,0,0.0,0.45661087036132814
L19,L08,5,0,0.0,0.47382286190986633
L19,L09,5,0,0.0,0.42641104459762574
L19,L10,5,0,0.0,0.5545286178588867
L19,L11,5,0,0.0,0.505737429857254
L19,L12,5,0,0.0,0.47229768633842467
L19,L13,5,0,0.0,0.44433414936065674
L19,L14,5,0,0.0,0.5091968774795532
L19,L15,5,0,0.0,0.5615057587623596
L19,L16,5,0,0.0,0.567323625087738
L19,L17,5,0,0.0,0.600316298007965
L19,L18,5,0,0.0,0.5763930439949035
L19,L20,5,0,0.0,0.5607202887535095
L19,L21,5,0,0.0,0.5736881256103515
L19,L22,5,0,0.0,0.5174531817436219
L19,L24,5,0,0.0,0.34416923522949217
L19,L25,5,0,0.0,0.3859107494354248
L19,L26,5,0,0.0,0.3859107494354248
L19,L27,5,0,0.0,0.40572800040245055
L19,L28,5,0,0.0,0.4045907199382782
L19,L29,5,0,0.0,0.3653899252414703
L19,L30,5,0,0.0,0.39117439389228814
L19,L31,5,0,0.0,0.3553034424781799
L19,L32,5,0,0.0,0.3611813306808472
L19,L33,5,0,0.0,0.3611813306808472
L19,L34,5,0,0.0,0.3988251805305481
L19,L35,5,0,0.0,0.3988251805305481
L19,L36,5,0,0.0,0.5071126520633698
L19,L37,5,0,0.0,0.5071126520633698
L19,L38,5,0,0.0,0.37804425358772276
L20,L01,5,0,0.0,0.42648155689239503
L20,L02,5,0,0.0,0.4123606622219086
L20,L03,5,0,0.0,0.5386987686157226
L20,L04,5,0,0.0,0.451474928855896
L20,L05,5,0,0.0,0.45339993238449094
L20,L06,5,0,0.0,0.4000652492046356
L20,L07,5,0,0.0,0.4608526110649109
L20,L08,5,0,0.0,0.48490664958953855
L20,L09,5,0,0.0,0.42911513447761535
L20,L10,5,0,0.0,0.5559463977813721
L20,L11,5,0,0.0,0.522443813085556
L20,L12,5,0,0.0,0.4413411319255829
L20,L13,5,0,0.0,0.4124548852443695
L20,L14,5,0,0.0,0.557686734199524
L20,L15,5,0,0.0,0.4968463182449341
L20,L16,5,0,0.0,0.6005770564079285
L20,L17,5,0,0.0,0.5530335485935212
L20,L18,5,0,0.0,0.5979045271873474
L20,L19,5,0,0.0,0.41209415793418885
L20,L21,5,0,0.0,0.5485552191734314
L20,L22,5,0,0.0,0.3970206022262573
L20,L23,5,0,0.0,0.49837822914123536
L20,L24,5,0,0.0,0.35726228952407835
L20,L25,5,0,0.0,0.40046283006668093
L20,L26,5,0,0.0,0.40046283006668093
L20,L27,5,0,0.0,0.4129518747329712
L20,L28,5,0,0.0,0.43232224583625795
L20,L29,5,0,0.0,0.3629385530948639
L20,L30,5,0,0.0,0.40408570170402525
L20,L31,5,0,0.0,0.3677015960216522
L20,L32,5,0,0.0,0.37255649566650384
L20,L33,5,0,0.0,0.37255649566650384
L20,L34,5,0,0.0,0.40381675958633423
L20,L35,5,0,0.0,0.40381675958633423
L20,L36,5,0,0.0,0.4878599762916565
L20,L37,5,0,0.0,0.4878599762916565
L20,L38,5,0,0.0,0.3901495337486267
L21,L01,5,0,0.0,0.4462679624557495
L21,L02,5,0,0.0,0.4181464195251465
L21,L03,5,0,0.0,0.5968510270118713
L21,L04,5,0,0.0,0.48457913398742675
L21,L05,5,0,0.0,0.48685571551322937
L21,L06,5,0,0.0,0.5043817579746246
L21,L07,5,0,0.0,0.6280253767967224
L21,L08,5,0,0.0,0.5316278159618377
L21,L09,5,0,0.0,0.4424334764480591
L21,L10,5,0,0.0,0.5909870982170105
L21,L11,5,0,0.0,0.5576193928718567
L21,L12,5,0,0.0,0.4993888080120087
L21,L13,5,0,0.0,0.43855801224708557
L21,L14,5,0,0.0,0.6252099990844726
L21,L15,5,0,0.0,0.5482900023460389
L21,L16,5,0,0.0,0.6591910004615784
L21,L17,5,0,0.0,0.6056441307067871
L21,L18,5,0,0.0,0.5883040070533753
L21,L19,5,0,0.0,0.6584704518318176
L21,L20,5,0,0.0,0.6347562432289123
L21,L23,5,0,0.0,0.7327806353569031
L21,L24,5,0,0.0,0.6035154819488525
L21,L25,5,0,0.0,0.6937462568283081
L21,L26,5,0,0.0,0.6937462568283081
L21,L27,5,0,0.0,0.6935154676437378
L21,L28,5,0,0.0,0.7229793429374695
L21,L29,5,0,0.0,0.5026055574417114
L21,L30,5,0,0.0,0.6300070881843567
L21,L31,5,0,0.0,0.612617290019989
L21,L32,5,0,0.0,0.5615675926208497
L21,L33,5,0,0.0,0.5615675926208497
L21,L34,5,0,0.0,0.5230914235115052
L21,L35,5,0,0.0,0.5230914235115052
L21,L36,5,0,0.0,0.6041458010673523
L21,L37,5,0,0.0,0.6041457891464234
L21,L38,5,0,0.0,0.6523168444633484
L22,L01,5,0,0.0,0.41916754841804504
L22,L02,5,0,0.0,0.404590380191803
L22,L03,5,0,0.0,0.528426468372345
L22,L04,5,0,0.0,0.44224714040756224
L22,L05,5,0,0.0,0.44430566430091856
L22,L06,5,0,0.0,0.3899109184741974
L22,L07,5,0,0.0,0.45608543157577514
L22,L08,5,0,0.0,0.47131651639938354
L22,L09,5,0,0.0,0.4199219048023224
L22,L10,5,0,0.0,0.5447269439697265
L22,L11,5,0,0.0,0.512355899810791
L22,L12,5,0,0.0,0.43030354380607605
L22,L13,5,0,0.0,0.4034548819065094
L22,L14,5,0,0.0,0.4928331673145294
L22,L15,5,0,0.0,0.5292205214500427
L22,L16,5,0,0.0,0.5501219868659973
L22,L17,5,0,0.0,0.576604688167572
L22,L18,5,0,0.0,0.5207208752632141
L22,L19,5,0,0.0,0.4341998517513275
L22,L20,5,0,0.0,0.48130856156349183
L22,L21,5,0,0.0,0.5728648543357849
L22,L23,5,0,0.0,0.529409396648407
L22,L24,5,0,0.0,0.35421957373619073
L22,L25,5,0,0.0,0.4029381275177002
L22,L26,5,0,0.0,0.40293813347816465
L22,L27,5,0,0.0,0.418882292509079
L22,L28,5,0,0.0,0.46489450335502625
L22,L29,5,0,0.0,0.4126599967479706
L22,L30,5,0,0.0,0.39792982339859007
L22,L31,5,0,0.0,0.3614161550998688
L22,L32,5,0,0.0,0.36527079343795776
L22,L33,5,0,0.0,0.3652707874774933
L22,L34,5,0,0.0,0.47951212525367737
L22,L35,5,0,0.0,0.47951212525367737
L22,L36,5,0,0.0,0.5508810877799988
L22,L37,5,0,0.0,0.5508810877799988
L22,L38,5,0,0.0,0.3835270881652832
L23,L01,5,0,0.0,0.47635955810546876
L23,L02,5,0,0.0,0.44980925917625425
L23,L03,5,0,0.0,0.6449530363082886
L23,L04,5,0,0.0,0.5283175706863403
L23,L05,5,0,0.0,0.5303494930267334
L23,L06,5,0,0.0,0.558686375617981
L23,L07,5,0,0.0,0.6410546779632569
L23,L08,5,0,0.0,0.5867414951324463
L23,L09,5,0,0.0,0.48581597208976746
L23,L10,5,0,0.0,0.6561043620109558
L23,L11,5,0,0.0,0.6143071413040161
L23,L12,5,0,0.0,0.5508052587509156
L23,L13,5,0,0.0,0.4811692416667938
L23,L14,5,0,0.0,0.5669713735580444
L23,L15,5,0,0.0,0.6975681066513062
L23,L16,5,0,0.0,0.6425119996070862
L23,L17,5,0,0.0,0.726373016834259
L23,L18,5,0,0.0,0.7337108254432678
L23,L20,5,0,0.0,0.6609683156013488
L23,L21,5,0,0.0,0.7049936890602112
L23,L22,5,0,0.0,0.6847052216529846
L23,L24,5,0,0.0,0.457487028837204
L23,L25,5,0,0.0,0.5901742815971375
L23,L26,5,0,0.0,0.5901742815971375
L23,L27,5,0,0.0,0.64069744348526
L23,L28,5,0,0.0,0.5421998620033264
L23,L30,5,0,0.0,0.41064072847366334
L23,L31,5,0,0.0,0.4978015422821045
L23,L32,5,0,0.0,0.5149651825428009
L23,L33,5,0,0.0,0.514965170621872
L23,L34,5,0,0.0,0.46161085963249204
L23,L35,5,0,0.0,0.46161085963249204
L23,L36,5,0,0.0,0.5383336663246154
L23,L37,5,0,0.0,0.5383336663246154
L23,L38,5,0,0.0,0.5896899461746216
L24,L01,5,0,0.0,0.3798353493213653
L24,L02,5,0,0.0,0.34402320384979246
L24,L03,5,0,0.0,0.49656314253807066
L24,L04,5,0,0.0,0.4028823733329773
L24,L05,5,0,0.0,0.40592984557151796
L24,L06,5,0,0.0,0.3827995061874389
L24,L08,5,0,0.0,0.4297929108142853
L24,L09,5,0,0.0,0.3617040753364563
L24,L10,5,0,0.0,0.48572616577148436
L24,L11,5,0,0.0,0.4629339098930359
L24,L12,5,0,0.0,0.3956340909004211
L24,L13,5,0,0.0,0.36119669079780575
L24,L14,5,0,0.0,0.4551238834857941
L24,L15,5,0,0.0,0.45960226058959963
L24,L16,5,0,0.0,0.5052434921264648
L24,L17,5,0,0.0,0.5054670870304108
L24,L18,5,0,0.0,0.4480832040309906
L24,L19,5,0,0.0,0.4827468156814575
L24,L20,5,0,0.0,0.40477434992790223
L24,L21,5,0,0.0,0.4819463014602661
L24,L22,5,0,0.0,0.46171943545341493
L24,L23,5,0,0.0,0.595746123790741
L24,L25,5,0,0.0,0.5650944471359253
L24,L26,5,0,0.0,0.5650944471359253
L24,L29,5,0,0.0,0.47451736927032473
L24,L30,5,0,0.0,0.5756043195724487
L24,L31,5,0,0.0,0.529314923286438
L24,L32,5,0,0.0,0.5051837265491486
L24,L33,5,0,0.0,0.5051837086677551
L24,L34,5,0,0.0,0.3790010213851928
L24,L35,5,0,0.0,0.3790010213851928
L24,L36,5,0,0.0,0.4178234875202179
L24,L37,5,0,0.0,0.4178234875202179
L24,L38,5,0,0.0,0.5450653553009033
L25,L01,5,0,0.0,0.46768171191215513
L25,L02,5,0,0.0,0.4478538691997528
L25,L03,5,0,0.0,0.6011120915412903
L25,L04,5,0,0.0,0.49362037181854246
L25,L05,5,0,0.0,0.49801006317138674
L25,L06,5,0,0.0,0.43765689730644225
L25,L07,5,0,0.0,0.5903983235359191
L25,L08,5,0,0.0,0.5318766593933105
L25,L09,5,0,0.0,0.46057975888252256
L25,L10,5,0,0.0,0.6072661280632019
L25,L11,5,0,0.0,0.5697075366973877
L25,L12,5,0,0.0,0.4848861753940582
L25,L13,5,0,0.0,0.45034792423248293
L25,L14,5,0,0.0,0.5757500648498535
L25,L15,5,0,0.0,0.5734068036079407
L25,L16,5,0,0.0,0.636273193359375
L25,L17,5,0,0.0,0.6321498036384583
L25,L18,5,0,0.0,0.5652995467185974
L25,L19,5,0,0.0,0.6191758513450623
L25,L20,5,0,0.0,0.51124227643013
L25,L21,5,0,0.0,0.6005623459815979
L25,L22,5,0,0.0,0.5779237866401672
L25,L23,5,0,0.0,0.7448574542999268
L25,L24,5,0,0.0,0.5595259189605712
L25,L27,5,0,0.0,0.6804140090942383
L25,L29,5,0,0.0,0.6121234893798828
L25,L30,5,0,0.0,0.721755576133728
L25,L31,5,0,0.0,0.6603662252426148
L25,L32,5,0,0.0,0.6347270846366883
L25,L33,5,0,0.0,0.6347270846366883
L25,L34,5,0,0.0,0.47279858589172363
L25,L35,5,0,0.0,0.47279858589172363
L25,L36,5,0,0.0,0.5166399955749512
L25,L37,5,0,0.0,0.5166399955749512
L25,L38,5,0,0.0,0.6692195892333984
L26,L01,5,0,0.0,0.46768171191215513
L26,L02,5,0,0.0,0.4478538691997528
L26,L03,5,0,0.0,0.6011120915412903
L26,L04,5,0,0.0,0.49362037181854246
L26,L05,5,0,0.0,0.49801006317138674
L26,L06,5,0,0.0,0.43765689730644225
L26,L07,5,0,0.0,0.5903983235359191
L26,L08,5,0,0.0,0.5318766593933105
L26,L09,5,0,0.0,0.46057975888252256
L26,L10,5,0,0.0,0.6072661280632019
L26,L11,5,0,0.0,0.5697075366973877
L26,L12,5,0,0.0,0.4848861753940582
L26,L13,5,0,0.0,0.45034792423248293
L26,L14,5,0,0.0,0.5757500648498535
L26,L15,5,0,0.0,0.5734068036079407
L26,L16,5,0,0.0,0.636273193359375
L26,L17,5,0,0.0,0.6321498036384583
L26,L18,5,0,0.0,0.5652995467185974
L26,L19,5,0,0.0,0.6191758513450623
L26,L20,5,0,0.0,0.51124227643013
L26,L21,5,0,0.0,0.6005623459815979
L26,L22,5,0,0.0,0.5779237866401672
L26,L23,5,0,0.0,0.7448574542999268
L26,L24,5,0,0.0,0.5595259189605712
L26,L27,5,0,0.0,0.6804140090942383
L26,L29,5,0,0.0,0.6121234893798828
L26,L30,5,0,0.0,0.721755576133728
L26,L31,5,0,0.0,0.6603662252426148
L26,L32,5,0,0.0,0.6347271084785462
L26,L33,5,0,0.0,0.6347270965576172
L26,L34,5,0,0.0,0.4727985918521881
L26,L35,5,0,0.0,0.47279858589172363
L26,L36,5,0,0.0,0.5166399955749512
L26,L37,5,0,0.0,0.5166399955749512
L26,L38,5,0,0.0,0.6692195892333984
L27,L01,5,0,0.0,0.547062337398529
L27,L03,5,0,0.0,0.5141798257827759
L27,L04,5,0,0.0,0.5582937479019165
L27,L05,5,0,0.0,0.5131564259529113
L27,L07,5,0,0.0,0.42140190601348876
L27,L08,5,0,0.0,0.6297276854515076
L27,L09,5,0,0.0,0.631397831439972
L27,L10,5,0,0.0,0.6964329838752746
L27,L11,5,0,0.0,0.6421797513961792
L27,L12,5,0,0.0,0.5804396271705627
L27,L13,5,0,0.0,0.5810212135314942
L27,L14,5,0,0.0,0.724314284324646
L27,L15,5,0,0.0,0.7166007995605469
L27,L16,5,0,0.0,0.7266087770462036
L27,L17,5,0,0.0,0.7191047549247742
L27,L18,5,0,0.0,0.6647249221801758
L27,L19,5,0,0.0,0.7258223056793213
L27,L20,5,0,0.0,0.6429463028907776
L27,L21,5,0,0.0,0.7137505054473877
L27,L22,5,0,0.0,0.6850102066993713
L27,L25,5,0,0.0,0.6866035461425781
L27,L26,5,0,0.0,0.6866035699844361
L27,L30,5,0,0.0,0.6812022566795349
L27,L31,5,0,0.0,0.6396540999412537
L27,L32,5,0,0.0,0.5956933856010437
L27,L33,5,0,0.0,0.5956934094429016
L27,L34,5,0,0.0,0.5063253402709961
L27,L35,5,0,0.0,0.5063253402709961
L27,L36,5,0,0.0,0.5643702626228333
L27,L37,5,0,0.0,0.5643702864646911
L27,L38,5,0,0.0,0.6572050213813782
L28,L01,5,0,0.0,0.48499545454978943
L28,L02,5,0,0.0,0.46976675391197203
L28,L03,5,0,0.0,0.6338155627250671
L28,L04,5,0,0.0,0.5122550368309021
L28,L05,5,0,0.0,0.5158169507980347
L28,L06,5,0,0.0,0.49249762296676636
L28,L08,5,0,0.0,0.5529633641242981
L28,L09,5,0,0.0,0.4689957141876221
L28,L10,5,0,0.0,0.6222427248954773
L28,L11,5,0,0.0,0.5888559818267822
L28,L12,5,0,0.0,0.5051411271095276
L28,L13,5,0,0.0,0.4616710066795349
L28,L14,5,0,0.0,0.5820826292037964
L28,L15,5,0,0.0,0.6013463735580444
L28,L16,5,0,0.0,0.6423435688018799
L28,L17,5,0,0.0,0.6546745538711548
L28,L18,5,0,0.0,0.6082657217979431
L28,L19,5,0,0.0,0.5602029681205749
L28,L20,5,0,0.0,0.5586477160453797
L28,L21,5,0,0.0,0.626535975933075
L28,L22,5,0,0.0,0.5825727820396424
L28,L23,5,0,0.0,0.7510179996490478
L28,L29,5,0,0.0,0.550621509552002
L28,L30,5,0,0.0,0.6703412413597107
L28,L31,5,0,0.0,0.6335021495819092
L28,L32,5,0,0.0,0.6862756490707398
L28,L33,5,0,0.0,0.6862756252288819
L28,L34,5,0,0.0,0.5025478422641754
L28,L35,5,0,0.0,0.5025478422641754
L28,L36,5,0,0.0,0.5717343091964722
L28,L37,5,0,0.0,0.5717343091964722
L28,L38,5,0,0.0,0.7749288558959961
L29,L01,5,0,0.0,0.3579469203948974
L29,L02,5,0,0.0,0.3281331598758697
L29,L03,5,0,0.0,0.4715675592422485
L29,L04,5,0,0.0,0.3810637712478638
L29,L05,5,0,0.0,0.38334007263183595
L29,L06,5,0,0.0,0.3736028730869293
L29,L08,5,0,0.0,0.4043571650981903
L29,L09,5,0,0.0,0.3344589114189148
L29,L10,5,0,0.0,0.45253207087516784
L29,L11,5,0,0.0,0.43612454533576966
L29,L12,5,0,0.0,0.3726096749305725
L29,L13,5,0,0.0,0.3371200144290924
L29,L14,5,0,0.0,0.4532528221607208
L29,L15,5,0,0.0,0.39426248669624325
L29,L16,5,0,0.0,0.48926315307617185
L29,L17,5,0,0.0,0.441845691204071
L29,L18,5,0,0.0,0.4052716553211212
L29,L19,5,0,0.0,0.49619874358177185
L29,L20,5,0,0.0,0.4072127044200897
L29,L21,5,0,0.0,0.33972735404968263
L29,L22,5,0,0.0,0.3125396192073822
L29,L24,5,0,0.0,0.4740016758441925
L29,L25,5,0,0.0,0.5519237279891968
L29,L26,5,0,0.0,0.5519237279891968
L29,L28,5,0,0.0,0.5728513240814209
L29,L30,5,0,0.0,0.5003754377365113
L29,L31,5,0,0.0,0.48502521514892577
L29,L32,5,0,0.0,0.4470842957496643
L29,L33,5,0,0.0,0.44708428382873533
L29,L34,5,0,0.0,0.36608450412750243
L29,L35,5,0,0.0,0.36608450412750243
L29,L36,5,0,0.0,0.3851182579994201
L29,L37,5,0,0.0,0.3851182639598846
L29,L38,5,0,0.0,0.5196699678897858
L30,L01,5,0,0.0,0.4208705544471741
L30,L02,5,0,0.0,0.40237786769866946
L30,L03,5,0,0.0,0.5416750550270081
L30,L04,5,0,0.0,0.4436140596866608
L30,L05,5,0,0.0,0.4472450137138367
L30,L06,5,0,0.0,0.39584530591964723
L30,L07,5,0,0.0,0.5443415880203247
L30,L08,5,0,0.0,0.4788180708885193
L30,L09,5,0,0.0,0.41373202204704285
L30,L10,5,0,0.0,0.5446367025375366
L30,L11,5,0,0.0,0.5117671012878418
L30,L12,5,0,0.0,0.43581793904304506
L30,L13,5,0,0.0,0.4036146104335785
L30,L14,5,0,0.0,0.5081096112728118
L30,L15,5,0,0.0,0.5235645353794098
L30,L16,5,0,0.0,0.5626972556114197
L30,L17,5,0,0.0,0.5728722214698792
L30,L18,5,0,0.0,0.5313735365867615
L30,L19,5,0,0.0,0.48952582478523254
L30,L20,5,0,0.0,0.49031609296798706
L30,L21,5,0,0.0,0.5467596769332885
L30,L22,5,0,0.0,0.5102775931358338
L30,L23,5,0,0.0,0.6194907784461975
L30,L24,5,0,0.0,0.6329773306846619
L30,L25,5,0,0.0,0.636653196811676
L30,L26,5,0,0.0,0.636653196811676
L30,L27,5,0,0.0,0.6038832902908325
L30,L28,5,0,0.0,0.5915741682052612
L30,L29,5,0,0.0,0.44648298621177673
L30,L31,5,0,0.0,0.5210393130779266
L30,L32,5,0,0.0,0.42970348000526426
L30,L33,5,0,0.0,0.42970348000526426
L30,L34,5,0,0.0,0.42431229948997495
L30,L35,5,0,0.0,0.42431230545043946
L30,L36,5,0,0.0,0.4925126016139984
L30,L37,5,0,0.0,0.4925126016139984
L30,L38,5,0,0.0,0.5423622727394104
L31,L01,5,0,0.0,0.4119791448116302
L31,L02,5,0,0.0,0.3969779372215271
L31,L03,5,0,0.0,0.5286733150482178
L31,L04,5,0,0.0,0.43427719473838805
L31,L05,5,0,0.0,0.4378323793411255
L31,L06,5,0,0.0,0.3902385592460632
L31,L07,5,0,0.0,0.5520832419395447
L31,L08,5,0,0.0,0.4694953203201294
L31,L09,5,0,0.0,0.4082771062850952
L31,L10,5,0,0.0,0.5352126955986023
L31,L11,5,0,0.0,0.5017143905162811
L31,L12,5,0,0.0,0.42748398184776304
L31,L13,5,0,0.0,0.39644193649291987
L31,L14,5,0,0.0,0.5022430062294007
L31,L15,5,0,0.0,0.5148877382278443
L31,L16,5,0,0.0,0.5550297498703003
L31,L17,5,0,0.0,0.5631557822227478
L31,L18,5,0,0.0,0.5243254542350769
L31,L19,5,0,0.0,0.49185395836830137
L31,L20,5,0,0.0,0.48297242522239686
L31,L21,5,0,0.0,0.5371161580085755
L31,L22,5,0,0.0,0.5021091103553772
L31,L23,5,0,0.0,0.6374704122543335
L31,L24,5,0,0.0,0.618110191822052
L31,L25,5,0,0.0,0.6645026326179504
L31,L26,5,0,0.0,0.6645026326179504
L31,L27,5,0,0.0,0.6314662098884583
L31,L28,5,0,0.0,0.6503019094467163
L31,L29,5,0,0.0,0.4709804117679596
L31,L30,5,0,0.0,0.6375803112983703
L31,L32,5,0,0.0,0.6160479784011841
L31,L33,5,0,0.0,0.6160479784011841
L31,L34,5,0,0.0,0.4268800258636475
L31,L35,5,0,0.0,0.4268800258636475
L31,L36,5,0,0.0,0.4853398084640503
L31,L37,5,0,0.0,0.4853398084640503
L32,L01,5,0,0.0,0.37173635363578794
L32,L02,5,0,0.0,0.34887051582336426
L32,L03,5,0,0.0,0.4807052195072174
L32,L04,5,0,0.0,0.39248373508453366
L32,L05,5,0,0.0,0.39572537541389463
L32,L06,5,0,0.0,0.3563289761543274
L32,L07,5,0,0.0,0.48661995530128477
L32,L08,5,0,0.0,0.4222573757171631
L32,L09,5,0,0.0,0.3622601866722107
L32,L10,5,0,0.0,0.4800633430480957
L32,L11,5,0,0.0,0.45233572125434873
L32,L12,5,0,0.0,0.38577219247817995
L32,L13,5,0,0.0,0.3562383711338043
L32,L14,5,0,0.0,0.45315784215927124
L32,L15,5,0,0.0,0.4539949297904968
L32,L16,5,0,0.0,0.5011767327785492
L32,L17,5,0,0.0,0.49968281388282776
L32,L18,5,0,0.0,0.4446312189102173
L32,L19,5,0,0.0,0.4837609827518463
L32,L20,5,0,0.0,0.4029602468013763
L32,L21,5,0,0.0,0.4748741686344147
L32,L22,5,0,0.0,0.45617098212242124
L32,L23,5,0,0.0,0.5806413769721985
L32,L24,5,0,0.0,0.5128711938858033
L32,L25,5,0,0.0,0.5630988955497742
L32,L26,5,0,0.0,0.5630988955497742
L32,L27,5,0,0.0,0.5480618596076965
L32,L28,5,0,0.0,0.5859681367874146
L32,L29,5,0,0.0,0.4695433735847473
L32,L30,5,0,0.0,0.4951466739177704
L32,L31,5,0,0.0,0.49672306776046754
L32,L33,5,0,0.0,0.4908516764640808
L32,L34,5,0,0.0,0.3688752293586731
L32,L35,5,0,0.0,0.3688752293586731
L32,L36,5,0,0.0,0.40700051188468933
L32,L37,5,0,0.0,0.40700051188468933
L32,L38,5,0,0.0,0.5235280513763427
L33,L01,5,0,0.0,0.37173635959625245
L33,L02,5,0,0.0,0.3488705217838287
L33,L03,5,0,0.0,0.48070523142814636
L33,L04,5,0,0.0,0.3924837410449981
L33,L05,5,0,0.0,0.39572538137435914
L33,L06,5,0,0.0,0.35632898211479186
L33,L07,5,0,0.0,0.4866199612617493
L33,L08,5,0,0.0,0.42225738167762755
L33,L09,5,0,0.0,0.36226019263267517
L33,L10,5,0,0.0,0.4800633490085602
L33,L11,5,0,0.0,0.4523357331752777
L33,L12,5,0,0.0,0.3857721984386444
L33,L13,5,0,0.0,0.35623837709426875
L33,L14,5,0,0.0,0.4531578481197357
L33,L15,5,0,0.0,0.4539949357509613
L33,L16,5,0,0.0,0.5011767387390137
L33,L17,5,0,0.0,0.4996828198432922
L33,L18,5,0,0.0,0.44463123083114625
L33,L19,5,0,0.0,0.48376098871231077
L33,L20,5,0,0.0,0.4029602587223053
L33,L21,5,0,0.0,0.47487418055534364
L33,L22,5,0,0.0,0.45617098808288575
L33,L23,5,0,0.0,0.5806413888931274
L33,L24,5,0,0.0,0.5128711998462677
L33,L25,5,0,0.0,0.5630989074707031
L33,L26,5,0,0.0,0.5630989074707031
L33,L27,5,0,0.0,0.5480618715286255
L33,L28,5,0,0.0,0.5859681487083435
L33,L29,5,0,0.0,0.4695433795452118
L33,L30,5,0,0.0,0.4951466917991638
L33,L31,5,0,0.0,0.49672306776046754
L33,L32,5,0,0.0,0.49085168838500975
L33,L34,5,0,0.0,0.3688752353191376
L33,L35,5,0,0.0,0.3688752353191376
L33,L36,5,0,0.0,0.4070005178451538
L33,L37,5,0,0.0,0.4070005178451538
L33,L38,5,0,0.0,0.5235280632972718
L34,L01,5,0,0.0,0.3224968731403351
L34,L02,5,0,0.0,0.3061662971973419
L34,L03,5,0,0.0,0.41568203568458556
L34,L04,5,0,0.0,0.34032958149909975
L34,L05,5,0,0.0,0.3432977318763733
L34,L06,5,0,0.0,0.30442687273025515
L34,L07,5,0,0.0,0.41807096600532534
L34,L08,5,0,0.0,0.3668707430362701
L34,L09,5,0,0.0,0.3162009656429291
L34,L10,5,0,0.0,0.4175653994083405
L34,L11,5,0,0.0,0.3925067067146301
L34,L12,5,0,0.0,0.3344038188457489
L34,L13,5,0,0.0,0.3098084211349487
L34,L14,5,0,0.0,0.3928730309009552
L34,L15,5,0,0.0,0.39638155102729794
L34,L16,5,0,0.0,0.43510436415672304
L34,L17,5,0,0.0,0.43582391142845156
L34,L18,5,0,0.0,0.3902488946914673
L34,L19,5,0,0.0,0.4149321436882019
L34,L20,5,0,0.0,0.3512989044189453
L34,L21,5,0,0.0,0.4144852697849274
L34,L22,5,0,0.0,0.39932626485824585
L34,L23,5,0,0.0,0.5037783026695252
L34,L24,5,0,0.0,0.4393430709838867
L34,L25,5,0,0.0,0.49058361649513244
L34,L26,5,0,0.0,0.49058361649513244
L34,L27,5,0,0.0,0.47448051571846006
L34,L28,5,0,0.0,0.5132449507713318
L34,L29,5,0,0.0,0.4149475872516632
L34,L30,5,0,0.0,0.4507725596427917
L34,L31,5,0,0.0,0.4350030720233917
L34,L32,5,0,0.0,0.39964004755020144
L34,L33,5,0,0.0,0.39964004755020144
L34,L35,5,0,0.0,0.36877760887145994
L34,L36,5,0,0.0,0.3493530750274658
L34,L37,5,0,0.0,0.3493530750274658
L34,L38,5,0,0.0,0.462745201587677
L35,L01,5,0,0.0,0.3224968731403351
L35,L02,5,0,0.0,0.3061662971973419
L35,L03,5,0,0.0,0.41568203568458556
L35,L04,5,0,0.0,0.34032958149909975
L35,L05,5,0,0.0,0.3432977318763733
L35,L06,5,0,0.0,0.30442687273025515
L35,L07,5,0,0.0,0.41807096600532534
L35,L08,5,0,0.0,0.3668707430362701
L35,L09,5,0,0.0,0.3162009656429291
L35,L10,5,0,0.0,0.4175653994083405
L35,L11,5,0,0.0,0.3925067067146301
L35,L12,5,0,0.0,0.3344038188457489
L35,L13,5,0,0.0,0.3098084211349487
L35,L14,5,0,0.0,0.3928730249404907
L35,L15,5,0,0.0,0.39638155698776245
L35,L16,5,0,0.0,0.43510436415672304
L35,L17,5,0,0.0,0.43582391142845156
L35,L18,5,0,0.0,0.3902488946914673
L35,L19,5,0,0.0,0.4149321436882019
L35,L20,5,0,0.0,0.3512989044189453
L35,L21,5,0,0.0,0.4144852697849274
L35,L22,5,0,0.0,0.39932626485824585
L35,L23,5,0,0.0,0.5037783026695252
L35,L24,5,0,0.0,0.4393430709838867
L35,L25,5,0,0.0,0.49058361649513244
L35,L26,5,0,0.0,0.49058361649513244
L35,L27,5,0,0.0,0.47448051571846006
L35,L28,5,0,0.0,0.5132449388504028
L35,L29,5,0,0.0,0.4149475932121277
L35,L30,5,0,0.0,0.45077256560325624
L35,L31,5,0,0.0,0.4350030720233917
L35,L32,5,0,0.0,0.39964004755020144
L35,L33,5,0,0.0,0.39964004755020144
L35,L34,5,0,0.0,0.36877760887145994
L35,L36,5,0,0.0,0.3493530750274658
L35,L37,5,0,0.0,0.3493530750274658
L35,L38,5,0,0.0,0.462745201587677
L36,L01,5,0,0.0,0.3856788814067841
L36,L02,5,0,0.0,0.36692810654640196
L36,L03,5,0,0.0,0.49687197208404543
L36,L04,5,0,0.0,0.40708547830581665
L36,L05,5,0,0.0,0.4106389284133911
L36,L06,5,0,0.0,0.3637954592704773
L36,L07,5,0,0.0,0.4989808678627014
L36,L08,5,0,0.0,0.43929556012153625
L36,L09,5,0,0.0,0.3787019491195679
L36,L10,5,0,0.0,0.49971011877059934
L36,L11,5,0,0.0,0.46949357986450196
L36,L12,5,0,0.0,0.40007382035255434
L36,L13,5,0,0.0,0.3707108616828918
L36,L14,5,0,0.0,0.47023584246635436
L36,L15,5,0,0.0,0.47614589929580686
L36,L16,5,0,0.0,0.520497614145279
L36,L17,5,0,0.0,0.5230692505836487
L36,L18,5,0,0.0,0.4695218622684479
L36,L19,5,0,0.0,0.49429763555526735
L36,L20,5,0,0.0,0.4229251444339752
L36,L21,5,0,0.0,0.5067942321300507
L36,L22,5,0,0.0,0.48936172723770144
L36,L23,5,0,0.0,0.6024880528450012
L36,L24,5,0,0.0,0.5274414539337158
L36,L25,5,0,0.0,0.586511754989624
L36,L26,5,0,0.0,0.586511754989624
L36,L27,5,0,0.0,0.5666814088821411
L36,L28,5,0,0.0,0.6143169522285461
L36,L29,5,0,0.0,0.5012578129768371
L36,L30,5,0,0.0,0.5390809535980224
L36,L31,5,0,0.0,0.5203225255012512
L36,L32,5,0,0.0,0.4777917623519897
L36,L33,5,0,0.0,0.47779176831245423
L36,L34,5,0,0.0,0.4124046742916107
L36,L35,5,0,0.0,0.4124046802520752
L36,L37,5,0,0.0,0.4909968674182892
L36,L38,5,0,0.0,0.5531797409057617
L37,L01,5,0,0.0,0.38567887544631957
L37,L02,5,0,0.0,0.36692810058593744
L37,L03,5,0,0.0,0.49687197208404543
L37,L04,5,0,0.0,0.4070854723453522
L37,L05,5,0,0.0,0.41063892245292666
L37,L06,5,0,0.0,0.36379545331001284
L37,L07,5,0,0.0,0.49898085594177244
L37,L08,5,0,0.0,0.4392955541610718
L37,L09,5,0,0.0,0.3787019431591034
L37,L10,5,0,0.0,0.49971011877059934
L37,L11,5,0,0.0,0.46949357390403745
L37,L12,5,0,0.0,0.40007381439208983
L37,L13,5,0,0.0,0.37071085572242735
L37,L14,5,0,0.0,0.4702358365058899
L37,L15,5,0,0.0,0.4761458933353424
L37,L16,5,0,0.0,0.520497614145279
L37,L17,5,0,0.0,0.5230692386627197
L37,L18,5,0,0.0,0.4695218503475189
L37,L19,5,0,0.0,0.49429762959480283
L37,L20,5,0,0.0,0.4229251265525818
L37,L21,5,0,0.0,0.5067942321300507
L37,L22,5,0,0.0,0.48936170935630796
L37,L23,5,0,0.0,0.6024880409240723
L37,L24,5,0,0.0,0.5274414539337158
L37,L25,5,0,0.0,0.586511743068695
L37,L26,5,0,0.0,0.586511743068695
L37,L27,5,0,0.0,0.5666813969612121
L37,L28,5,0,0.0,0.6143169522285461
L37,L29,5,0,0.0,0.5012578070163727
L37,L30,5,0,0.0,0.5390809416770935
L37,L31,5,0,0.0,0.5203225135803222
L37,L32,5,0,0.0,0.47779175639152527
L37,L33,5,0,0.0,0.4777917623519897
L37,L34,5,0,0.0,0.4124046564102173
L37,L35,5,0,0.0,0.4124046564102173
L37,L36,5,0,0.0,0.4909968554973602
L37,L38,5,0,0.0,0.5531797289848328
L38,L01,5,0,0.0,0.4395078122615814
L38,L02,5,0,0.0,0.41736358404159546
L38,L03,5,0,0.0,0.5654257655143737
L38,L04,5,0,0.0,0.46395633816719056
L38,L05,5,0,0.0,0.46804561018943786
L38,L06,5,0,0.0,0.4075905501842499
L38,L07,5,0,0.0,0.5324856042861938
L38,L08,5,0,0.0,0.4989739716053009
L38,L09,5,0,0.0,0.4308804154396057
L38,L10,5,0,0.0,0.5694605946540833
L38,L11,5,0,0.0,0.5352037072181701
L38,L12,5,0,0.0,0.45520504117012023
L38,L13,5,0,0.0,0.4224028766155243
L38,L14,5,0,0.0,0.5373211562633514
L38,L15,5,0,0.0,0.5374763369560241
L38,L16,5,0,0.0,0.5948760986328125
L38,L17,5,0,0.0,0.5927627921104431
L38,L18,5,0,0.0,0.5277188062667847
L38,L19,5,0,0.0,0.5697824954986572
L38,L20,5,0,0.0,0.4787020444869995
L38,L21,5,0,0.0,0.5630368590354919
L38,L22,5,0,0.0,0.5412956595420837
L38,L23,5,0,0.0,0.6711613893508911
L38,L24,5,0,0.0,0.5093040704727173
L38,L25,5,0,0.0,0.5470723628997802
L38,L26,5,0,0.0,0.5470723748207093
L38,L27,5,0,0.0,0.5495033502578736
L38,L28,5,0,0.0,0.6831917881965637
L38,L29,5,0,0.0,0.5460556387901306
L38,L30,5,0,0.0,0.45182469487190247
L38,L32,5,0,0.0,0.40663382411003113
L38,L33,5,0,0.0,0.40663384199142455
L38,L34,5,0,0.0,0.43169877529144285
L38,L35,5,0,0.0,0.43169877529144285
L38,L36,5,0,0.0,0.48127288818359376
L38,L37,5,0,0.0,0.48127288818359376
