top_rank,top_bucket,scenario_id,seed,path,first_line,second_line,converged,critical,total_load_shed_mw,island_load_shed_mw,redispatch_load_shed_mw,final_max_loading_ratio,final_outage_labels,num_final_outages,max_event_loading_ratio,max_pre_redispatch_loading_ratio,num_relay_trips,relay_trip_labels,num_passive_outages,has_overload_cascade,critical_mechanism,error
1,"top_20,top_50,top_100",1,20260708,L001->L107,L001,L107,True,True,294.57885700505085,293.2169065216517,1.3619504833991214,1.0000000000000004,"L001,L018,L019,L030,L040,L044,L045,L046,L054,L056,L057,L060,L062,L063,L064,L065,L077,L078,L082,L095,L102,L104,L105,L106,L107,L109,L110,L111,L112,L113,L114,L115,L116,L119,L120,L121,L122,L126,L127,L128,L134,L140,L143,L148,L149,L150,L151,L153,L154,L155,L156,L157,L158,L159,L160,L169,L178,L179,L182,L186",60,12.691821547826107,12.691821547826107,58,"L018,L019,L030,L040,L044,L045,L046,L054,L056,L057,L060,L062,L063,L064,L065,L077,L078,L082,L095,L102,L104,L105,L106,L109,L110,L111,L112,L113,L114,L115,L116,L119,L120,L121,L122,L126,L127,L128,L134,L140,L143,L148,L149,L150,L151,L153,L154,L155,L156,L157,L158,L159,L160,L169,L178,L179,L182,L186",58,True,relay_cascade,
2,"top_20,top_50,top_100",1,20260708,L001->L010,L001,L010,True,True,253.53679936686524,252.17484888346613,1.3619504833991214,1.0000000000000244,"L001,L010,L011,L012,L014,L015,L018,L019,L020,L022,L030,L037,L040,L044,L045,L046,L054,L056,L060,L065,L102,L104,L109,L110,L111,L112,L113,L115,L128,L129,L130,L131,L132,L134,L140,L143,L148,L149,L150,L153,L154,L155,L156,L157,L158,L159,L160,L169,L175,L178,L179,L182",52,61.60462263118063,61.60462263118063,50,"L011,L012,L014,L015,L018,L019,L020,L022,L030,L037,L040,L044,L045,L046,L054,L056,L060,L065,L102,L104,L109,L110,L111,L112,L113,L115,L128,L129,L130,L131,L132,L134,L140,L143,L148,L149,L150,L153,L154,L155,L156,L157,L158,L159,L160,L169,L175,L178,L179,L182",50,True,relay_cascade,
3,"top_20,top_50,top_100",1,20260708,L001->L090,L001,L090,True,True,250.75010674274407,249.38815625934492,1.3619504833991158,1.0000000000000002,"L001,L018,L019,L030,L039,L040,L044,L045,L046,L054,L056,L057,L060,L062,L063,L064,L065,L070,L072,L073,L075,L076,L077,L078,L080,L081,L082,L084,L089,L090,L091,L092,L093,L094,L095,L102,L104,L105,L106,L109,L110,L111,L112,L113,L115,L126,L127,L128,L129,L130,L131,L132,L134,L135,L136,L140,L143,L148,L149,L150,L151,L153,L154,L155,L156,L157,L158,L159,L160,L169,L175,L178,L179,L182,L186",75,68.93857588484734,68.93857588484734,73,"L018,L019,L030,L039,L040,L044,L045,L046,L054,L056,L057,L060,L062,L063,L064,L065,L070,L072,L073,L075,L076,L077,L078,L080,L081,L082,L084,L089,L091,L092,L093,L094,L095,L102,L104,L105,L106,L109,L110,L111,L112,L113,L115,L126,L127,L128,L129,L130,L131,L132,L134,L135,L136,L140,L143,L148,L149,L150,L151,L153,L154,L155,L156,L157,L158,L159,L160,L169,L175,L178,L179,L182,L186",73,True,relay_cascade,
4,"top_20,top_50,top_100",1,20260708,L001->L116,L001,L116,True,True,241.94350976159475,240.5815592781956,1.3619504833991214,1.0000000000000029,"L001,L018,L019,L030,L040,L044,L045,L046,L054,L056,L057,L060,L062,L063,L064,L065,L073,L074,L077,L078,L082,L095,L102,L104,L105,L106,L109,L110,L111,L113,L114,L115,L116,L119,L120,L126,L127,L128,L129,L130,L131,L132,L134,L140,L143,L148,L149,L150,L153,L154,L155,L156,L157,L158,L160,L169,L175,L178,L179,L180,L182,L186",62,70.82689845227978,70.82689845227978,60,"L018,L019,L030,L040,L044,L045,L046,L054,L056,L057,L060,L062,L063,L064,L065,L073,L074,L077,L078,L082,L095,L102,L104,L105,L106,L109,L110,L111,L113,L114,L115,L119,L120,L126,L127,L128,L129,L130,L131,L132,L134,L140,L143,L148,L149,L150,L153,L154,L155,L156,L157,L158,L160,L169,L175,L178,L179,L180,L182,L186",60,True,relay_cascade,
5,"top_20,top_50,top_100",1,20260708,L003->L107,L003,L107,True,True,227.90192353758653,224.50389765204807,3.3980258855384053,1.0000000000000029,"L003,L015,L018,L019,L030,L040,L044,L045,L046,L054,L056,L057,L060,L063,L065,L102,L104,L106,L107,L109,L110,L111,L112,L113,L114,L115,L116,L119,L120,L121,L122,L126,L127,L128,L134,L140,L143,L148,L149,L151,L153,L154,L155,L156,L157,L158,L159,L160,L169,L178,L179,L182,L186",53,7.540502027020834,7.540502027020834,48,"L030,L040,L044,L045,L046,L054,L056,L057,L060,L063,L065,L102,L104,L106,L109,L110,L111,L112,L113,L114,L115,L116,L119,L120,L121,L122,L126,L127,L128,L134,L140,L143,L148,L149,L151,L153,L154,L155,L156,L157,L158,L159,L160,L169,L178,L179,L182,L186",51,True,relay_cascade,
6,"top_20,top_50,top_100",1,20260708,L003->L090,L003,L090,True,True,227.3667039006313,224.9396185688668,2.4270853317645056,1.0000000000000004,"L003,L015,L018,L019,L030,L040,L044,L045,L046,L054,L056,L057,L060,L062,L063,L064,L065,L073,L075,L076,L077,L078,L079,L080,L081,L082,L083,L089,L090,L091,L092,L093,L094,L095,L102,L104,L105,L106,L109,L110,L111,L112,L113,L115,L126,L127,L128,L129,L130,L131,L132,L134,L135,L136,L140,L143,L148,L149,L150,L151,L153,L154,L155,L156,L157,L158,L159,L160,L169,L175,L178,L179,L182,L186",74,68.93909312576949,68.93909312576949,69,"L030,L040,L044,L045,L046,L054,L056,L057,L060,L062,L063,L064,L065,L073,L075,L076,L077,L078,L079,L080,L081,L082,L083,L089,L091,L092,L093,L094,L095,L102,L104,L105,L106,L109,L110,L111,L112,L113,L115,L126,L127,L128,L129,L130,L131,L132,L134,L135,L136,L140,L143,L148,L149,L150,L151,L153,L154,L155,L156,L157,L158,L159,L160,L169,L175,L178,L179,L182,L186",72,True,relay_cascade,
7,"top_20,top_50,top_100",1,20260708,L001->L011,L001,L011,True,True,224.1052727034857,222.62471761558615,1.480555087899507,1.0000000000000244,"L001,L010,L011,L012,L014,L015,L018,L019,L020,L022,L030,L037,L040,L044,L045,L046,L054,L056,L057,L060,L102,L104,L109,L110,L112,L113,L115,L128,L129,L130,L131,L132,L134,L140,L143,L149,L150,L153,L154,L155,L156,L157,L158,L159,L160,L169,L178,L179,L180,L182",50,65.89750315219894,65.89750315219894,48,"L010,L012,L014,L015,L018,L019,L020,L022,L030,L037,L040,L044,L045,L046,L054,L056,L057,L060,L102,L104,L109,L110,L112,L113,L115,L128,L129,L130,L131,L132,L134,L140,L143,L149,L150,L153,L154,L155,L156,L157,L158,L159,L160,L169,L178,L179,L180,L182",48,True,relay_cascade,
8,"top_20,top_50,top_100",1,20260708,L001->L125,L001,L125,True,True,198.1861535561341,196.82420307273492,1.3619504833991158,1.0000000000000075,"L001,L018,L019,L030,L040,L044,L045,L046,L054,L056,L057,L060,L062,L063,L064,L065,L102,L104,L105,L106,L109,L110,L111,L113,L114,L115,L121,L125,L128,L134,L140,L143,L148,L149,L150,L151,L153,L154,L155,L156,L157,L158,L159,L160,L169,L178,L179,L182,L186",49,61.087740393831815,61.087740393831815,47,"L018,L019,L030,L040,L044,L045,L046,L054,L056,L057,L060,L062,L063,L064,L065,L102,L104,L105,L106,L109,L110,L111,L113,L114,L115,L121,L128,L134,L140,L143,L148,L149,L150,L151,L153,L154,L155,L156,L157,L158,L159,L160,L169,L178,L179,L182,L186",47,True,relay_cascade,
9,"top_20,top_50,top_100",1,20260708,L003->L125,L003,L125,True,True,198.1861535561341,196.82420307273492,1.3619504833991158,1.0000000000000075,"L003,L015,L018,L019,L030,L040,L044,L045,L046,L054,L056,L057,L060,L062,L063,L064,L065,L102,L104,L105,L106,L109,L110,L111,L113,L115,L121,L125,L128,L134,L140,L143,L148,L149,L150,L151,L153,L154,L155,L156,L157,L158,L159,L160,L169,L178,L179,L182,L186",49,61.087740393831815,61.087740393831815,44,"L030,L040,L044,L045,L046,L054,L056,L057,L060,L062,L063,L064,L065,L102,L104,L105,L106,L109,L110,L111,L113,L115,L121,L128,L134,L140,L143,L148,L149,L150,L151,L153,L154,L155,L156,L157,L158,L159,L160,L169,L178,L179,L182,L186",47,True,relay_cascade,
10,"top_20,top_50,top_100",1,20260708,L003->L004,L003,L004,True,True,194.6039762125601,193.24202572916096,1.3619504833991103,1.0000000000000244,"L001,L003,L004,L011,L012,L014,L015,L018,L019,L020,L022,L037,L040,L044,L045,L046,L054,L056,L060,L065,L102,L104,L109,L110,L111,L112,L113,L114,L115,L128,L129,L130,L131,L132,L134,L140,L143,L148,L149,L150,L153,L154,L155,L156,L157,L158,L159,L160,L169,L175,L178,L179,L182,L186",54,60.067990790430926,60.067990790430926,49,"L001,L011,L012,L014,L020,L022,L037,L040,L044,L045,L046,L054,L056,L060,L065,L102,L104,L109,L110,L111,L112,L113,L114,L115,L128,L129,L130,L131,L132,L134,L140,L143,L148,L149,L150,L153,L154,L155,L156,L157,L158,L159,L160,L169,L175,L178,L179,L182,L186",52,True,relay_cascade,
11,"top_20,top_50,top_100",1,20260708,L003->L023,L003,L023,True,True,185.28296551803825,183.9210150346391,1.3619504833991103,1.0000000000000244,"L003,L015,L018,L019,L020,L022,L023,L025,L026,L027,L028,L030,L032,L039,L040,L044,L045,L046,L054,L056,L057,L060,L065,L102,L104,L109,L110,L111,L112,L113,L115,L128,L129,L130,L131,L132,L134,L140,L143,L148,L149,L150,L153,L154,L155,L156,L157,L158,L159,L160,L169,L175,L178,L179,L182",55,67.32535123119847,67.32535123119847,50,"L020,L022,L025,L026,L027,L028,L030,L032,L039,L040,L044,L045,L046,L054,L056,L057,L060,L065,L102,L104,L109,L110,L111,L112,L113,L115,L128,L129,L130,L131,L132,L134,L140,L143,L148,L149,L150,L153,L154,L155,L156,L157,L158,L159,L160,L169,L175,L178,L179,L182",53,True,relay_cascade,
12,"top_20,top_50,top_100",1,20260708,L003->L037,L003,L037,True,True,181.462527545009,179.98197245710946,1.4805550878995375,1.0000000000000002,"L001,L003,L011,L012,L014,L015,L018,L019,L020,L022,L030,L037,L044,L045,L046,L056,L057,L060,L065,L073,L074,L077,L078,L082,L095,L102,L104,L109,L110,L111,L112,L113,L115,L128,L129,L130,L131,L132,L134,L140,L143,L149,L150,L153,L154,L155,L156,L157,L158,L159,L160,L169,L178,L179,L182",55,65.87605213065983,65.87605213065983,50,"L001,L011,L012,L014,L020,L022,L030,L044,L045,L046,L056,L057,L060,L065,L073,L074,L077,L078,L082,L095,L102,L104,L109,L110,L111,L112,L113,L115,L128,L129,L130,L131,L132,L134,L140,L143,L149,L150,L153,L154,L155,L156,L157,L158,L159,L160,L169,L178,L179,L182",53,True,relay_cascade,
13,"top_20,top_50,top_100",1,20260708,L003->L041,L003,L041,True,True,176.96448387635567,175.6025333929566,1.361950483399088,1.0000000000000009,"L003,L015,L018,L019,L020,L022,L030,L035,L039,L040,L041,L043,L044,L045,L046,L054,L056,L057,L060,L065,L095,L102,L104,L109,L110,L111,L112,L113,L114,L115,L128,L129,L130,L131,L132,L134,L140,L143,L148,L149,L150,L153,L154,L155,L156,L157,L158,L159,L160,L169,L175,L178,L179,L182,L186",55,64.23266080774046,64.23266080774046,50,"L020,L022,L030,L035,L039,L040,L043,L044,L045,L046,L054,L056,L057,L060,L065,L095,L102,L104,L109,L110,L111,L112,L113,L114,L115,L128,L129,L130,L131,L132,L134,L140,L143,L148,L149,L150,L153,L154,L155,L156,L157,L158,L159,L160,L169,L175,L178,L179,L182,L186",53,True,relay_cascade,
14,"top_20,top_50,top_100",1,20260708,L003->L031,L003,L031,True,True,168.42319875212212,167.061248268723,1.3619504833991158,1.0000000000000022,"L003,L015,L018,L019,L020,L024,L025,L026,L030,L031,L034,L035,L039,L040,L043,L044,L045,L046,L054,L056,L057,L060,L065,L095,L102,L104,L109,L110,L111,L112,L113,L115,L128,L129,L130,L131,L132,L134,L140,L143,L148,L149,L150,L153,L154,L155,L156,L157,L158,L159,L160,L169,L175,L178,L179,L182",56,68.81521443945933,68.81521443945933,51,"L020,L024,L025,L026,L030,L034,L035,L039,L040,L043,L044,L045,L046,L054,L056,L057,L060,L065,L095,L102,L104,L109,L110,L111,L112,L113,L115,L128,L129,L130,L131,L132,L134,L140,L143,L148,L149,L150,L153,L154,L155,L156,L157,L158,L159,L160,L169,L175,L178,L179,L182",54,True,relay_cascade,
15,"top_20,top_50,top_100",1,20260708,L001->L183,L001,L183,True,True,167.78474155945565,166.42279107605654,1.3619504833991158,1.0000000000000075,"L001,L018,L019,L030,L040,L044,L045,L046,L054,L056,L057,L060,L062,L063,L064,L065,L102,L104,L105,L106,L109,L110,L111,L113,L115,L126,L127,L128,L134,L140,L143,L148,L149,L150,L151,L153,L154,L155,L156,L157,L158,L159,L160,L169,L178,L179,L182,L183",48,60.444454368953714,60.444454368953714,46,"L018,L019,L030,L040,L044,L045,L046,L054,L056,L057,L060,L062,L063,L064,L065,L102,L104,L105,L106,L109,L110,L111,L113,L115,L126,L127,L128,L134,L140,L143,L148,L149,L150,L151,L153,L154,L155,L156,L157,L158,L159,L160,L169,L178,L179,L182",46,True,relay_cascade,
16,"top_20,top_50,top_100",1,20260708,L001->L006,L001,L006,True,True,167.731704934358,166.36975445095888,1.3619504833991103,1.0000000000000244,"L001,L006,L012,L014,L017,L018,L019,L020,L022,L030,L037,L040,L044,L045,L046,L054,L056,L060,L102,L104,L109,L110,L111,L112,L113,L115,L128,L129,L130,L131,L132,L134,L140,L143,L148,L149,L150,L153,L154,L155,L156,L157,L158,L159,L160,L169,L175,L178,L179,L182",50,65.88905099651387,65.88905099651387,48,"L012,L014,L017,L018,L019,L020,L022,L030,L037,L040,L044,L045,L046,L054,L056,L060,L102,L104,L109,L110,L111,L112,L113,L115,L128,L129,L130,L131,L132,L134,L140,L143,L148,L149,L150,L153,L154,L155,L156,L157,L158,L159,L160,L169,L175,L178,L179,L182",48,True,relay_cascade,
17,"top_20,top_50,top_100",1,20260708,L001->L008,L001,L008,True,True,160.80563503257238,159.3250799446729,1.4805550878994933,1.000000000000022,"L001,L008,L015,L017,L018,L019,L020,L022,L024,L026,L030,L037,L040,L044,L045,L046,L048,L054,L056,L057,L060,L065,L102,L104,L109,L110,L111,L112,L113,L115,L128,L129,L130,L131,L132,L134,L140,L143,L149,L150,L153,L154,L155,L156,L157,L158,L159,L160,L169,L178,L179,L180,L182",53,66.16789850547863,66.16789850547863,51,"L015,L017,L018,L019,L020,L022,L024,L026,L030,L037,L040,L044,L045,L046,L048,L054,L056,L057,L060,L065,L102,L104,L109,L110,L111,L112,L113,L115,L128,L129,L130,L131,L132,L134,L140,L143,L149,L150,L153,L154,L155,L156,L157,L158,L159,L160,L169,L178,L179,L180,L182",51,True,relay_cascade,
18,"top_20,top_50,top_100",1,20260708,L001->L003,L001,L003,True,True,153.0476056686846,151.6856551852855,1.3619504833991103,1.0000000000000244,"L001,L003,L012,L014,L015,L018,L019,L020,L022,L030,L037,L040,L044,L045,L046,L054,L056,L060,L102,L104,L109,L110,L111,L112,L113,L115,L128,L129,L130,L131,L132,L134,L140,L143,L148,L149,L150,L153,L154,L155,L156,L157,L158,L159,L160,L169,L175,L178,L179,L182",50,65.88905099651387,65.88905099651387,48,"L012,L014,L015,L018,L019,L020,L022,L030,L037,L040,L044,L045,L046,L054,L056,L060,L102,L104,L109,L110,L111,L112,L113,L115,L128,L129,L130,L131,L132,L134,L140,L143,L148,L149,L150,L153,L154,L155,L156,L157,L158,L159,L160,L169,L175,L178,L179,L182",48,True,relay_cascade,
19,"top_20,top_50,top_100",1,20260708,L003->L011,L003,L011,True,True,153.0476056686846,151.6856551852855,1.3619504833991103,1.0000000000000244,"L001,L003,L004,L011,L014,L015,L018,L019,L020,L022,L037,L040,L044,L045,L046,L054,L056,L060,L065,L102,L104,L109,L110,L111,L112,L113,L114,L115,L128,L129,L130,L131,L132,L134,L140,L143,L148,L149,L150,L153,L154,L155,L156,L157,L158,L159,L160,L169,L175,L178,L179,L182,L186",53,58.02431986168787,58.02431986168787,48,"L001,L004,L014,L020,L022,L037,L040,L044,L045,L046,L054,L056,L060,L065,L102,L104,L109,L110,L111,L112,L113,L114,L115,L128,L129,L130,L131,L132,L134,L140,L143,L148,L149,L150,L153,L154,L155,L156,L157,L158,L159,L160,L169,L175,L178,L179,L182,L186",51,True,relay_cascade,
20,"top_20,top_50,top_100",1,20260708,L001->L024,L001,L024,True,True,151.66719876626843,151.66719876626843,0.0,1.0000000000000142,"L001,L018,L019,L024,L025,L026,L027,L030,L039,L040,L044,L045,L046,L054,L060,L065,L102,L104,L109,L110,L111,L112,L113,L115,L128,L129,L130,L131,L132,L134,L140,L143,L148,L149,L150,L153,L154,L155,L156,L157,L158,L159,L160,L169,L175,L178,L179,L180,L182",49,65.26492979812035,65.26492979812035,47,"L018,L019,L025,L026,L027,L030,L039,L040,L044,L045,L046,L054,L060,L065,L102,L104,L109,L110,L111,L112,L113,L115,L128,L129,L130,L131,L132,L134,L140,L143,L148,L149,L150,L153,L154,L155,L156,L157,L158,L159,L160,L169,L175,L178,L179,L180,L182",47,True,relay_cascade,
21,"top_50,top_100",1,20260708,L001->L041,L001,L041,True,True,151.29438328384023,149.93243280044112,1.3619504833991103,1.0000000000000244,"L001,L018,L019,L030,L035,L039,L040,L041,L043,L044,L045,L046,L054,L056,L060,L065,L102,L104,L109,L110,L111,L112,L113,L114,L115,L128,L129,L130,L131,L132,L134,L140,L143,L148,L149,L150,L153,L154,L155,L156,L157,L158,L159,L160,L169,L175,L178,L179,L182,L186",50,64.23266080774037,64.23266080774037,48,"L018,L019,L030,L035,L039,L040,L043,L044,L045,L046,L054,L056,L060,L065,L102,L104,L109,L110,L111,L112,L113,L114,L115,L128,L129,L130,L131,L132,L134,L140,L143,L148,L149,L150,L153,L154,L155,L156,L157,L158,L159,L160,L169,L175,L178,L179,L182,L186",48,True,relay_cascade,
22,"top_50,top_100",1,20260708,L003->L105,L003,L105,True,True,150.9397718900013,149.5778214066022,1.3619504833991103,1.0000000000000004,"L003,L015,L018,L019,L030,L040,L044,L045,L046,L054,L056,L057,L060,L064,L065,L073,L074,L077,L078,L082,L095,L102,L104,L105,L106,L109,L110,L111,L112,L113,L114,L115,L128,L129,L130,L131,L132,L134,L140,L143,L148,L149,L150,L153,L154,L155,L156,L157,L158,L159,L160,L169,L175,L178,L179,L182,L186",57,64.23266080774037,64.23266080774037,52,"L030,L040,L044,L045,L046,L054,L056,L057,L060,L064,L065,L073,L074,L077,L078,L082,L095,L102,L104,L106,L109,L110,L111,L112,L113,L114,L115,L128,L129,L130,L131,L132,L134,L140,L143,L148,L149,L150,L153,L154,L155,L156,L157,L158,L159,L160,L169,L175,L178,L179,L182,L186",55,True,relay_cascade,
23,"top_50,top_100",1,20260708,L001->L036,L001,L036,True,True,146.24280097754794,144.76224588964843,1.4805550878994933,1.000000000000022,"L001,L012,L014,L015,L017,L018,L019,L020,L025,L026,L027,L030,L032,L036,L039,L040,L044,L045,L046,L048,L054,L056,L057,L060,L065,L102,L104,L109,L110,L111,L112,L113,L115,L128,L129,L130,L131,L132,L134,L140,L143,L149,L150,L153,L154,L155,L156,L157,L158,L159,L160,L169,L178,L179,L182",55,60.91668632730331,60.91668632730331,53,"L012,L014,L015,L017,L018,L019,L020,L025,L026,L027,L030,L032,L039,L040,L044,L045,L046,L048,L054,L056,L057,L060,L065,L102,L104,L109,L110,L111,L112,L113,L115,L128,L129,L130,L131,L132,L134,L140,L143,L149,L150,L153,L154,L155,L156,L157,L158,L159,L160,L169,L178,L179,L182",53,True,relay_cascade,
24,"top_50,top_100",1,20260708,L003->L021,L003,L021,True,True,142.80993661513853,141.32938152723904,1.4805550878994933,1.000000000000022,"L003,L015,L018,L019,L020,L021,L022,L024,L026,L030,L040,L044,L045,L046,L048,L054,L056,L057,L060,L065,L102,L104,L109,L110,L111,L112,L113,L115,L128,L129,L130,L131,L132,L134,L140,L143,L149,L150,L153,L154,L155,L156,L157,L158,L159,L160,L169,L178,L179,L182",50,62.85859058546985,62.85859058546985,45,"L020,L022,L024,L026,L030,L040,L044,L045,L046,L048,L054,L056,L057,L060,L065,L102,L104,L109,L110,L111,L112,L113,L115,L128,L129,L130,L131,L132,L134,L140,L143,L149,L150,L153,L154,L155,L156,L157,L158,L159,L160,L169,L178,L179,L182",48,True,relay_cascade,
25,"top_50,top_100",1,20260708,L003->L051,L003,L051,True,True,139.1187124401486,133.12723040590467,5.991482034243933,1.0000000000000009,"L003,L015,L018,L019,L020,L024,L030,L040,L044,L045,L046,L048,L051,L054,L057,L058,L059,L060,L062,L063,L064,L065,L073,L074,L077,L078,L082,L091,L093,L094,L095,L102,L104,L105,L106,L109,L110,L111,L112,L113,L114,L115,L128,L134,L140,L143,L146,L148,L149,L150,L153,L154,L155,L156,L157,L158,L159,L160,L169,L175,L178,L179,L182,L186",64,59.25536080555535,59.25536080555535,59,"L020,L024,L030,L040,L044,L045,L046,L048,L054,L057,L058,L059,L060,L062,L063,L064,L065,L073,L074,L077,L078,L082,L091,L093,L094,L095,L102,L104,L105,L106,L109,L110,L111,L112,L113,L114,L115,L128,L134,L140,L143,L146,L148,L149,L150,L153,L154,L155,L156,L157,L158,L159,L160,L169,L175,L178,L179,L182,L186",62,True,relay_cascade,
26,"top_50,top_100",1,20260708,L001->L032,L001,L032,True,True,134.64969389417286,133.28774341077374,1.361950483399113,1.0000000000000244,"L001,L018,L019,L025,L030,L032,L039,L040,L044,L045,L046,L054,L056,L057,L060,L102,L104,L109,L110,L111,L112,L115,L128,L129,L130,L131,L132,L134,L140,L143,L148,L149,L150,L153,L154,L155,L156,L157,L158,L159,L160,L169,L175,L178,L179,L180,L182",47,69.86948137623686,69.86948137623686,45,"L018,L019,L025,L030,L039,L040,L044,L045,L046,L054,L056,L057,L060,L102,L104,L109,L110,L111,L112,L115,L128,L129,L130,L131,L132,L134,L140,L143,L148,L149,L150,L153,L154,L155,L156,L157,L158,L159,L160,L169,L175,L178,L179,L180,L182",45,True,relay_cascade,
27,"top_50,top_100",1,20260708,L001->L110,L001,L110,True,True,134.64969389417286,133.28774341077374,1.361950483399113,1.0000000000000244,"L001,L018,L019,L030,L040,L044,L045,L046,L054,L056,L057,L060,L102,L104,L109,L110,L111,L115,L128,L129,L130,L131,L132,L134,L140,L143,L148,L149,L150,L153,L154,L155,L156,L157,L158,L159,L160,L169,L175,L178,L179,L180,L182",43,64.91004204556008,64.91004204556008,41,"L018,L019,L030,L040,L044,L045,L046,L054,L056,L057,L060,L102,L104,L109,L111,L115,L128,L129,L130,L131,L132,L134,L140,L143,L148,L149,L150,L153,L154,L155,L156,L157,L158,L159,L160,L169,L175,L178,L179,L180,L182",41,True,relay_cascade,
28,"top_50,top_100",1,20260708,L001->L112,L001,L112,True,True,134.64969389417286,133.28774341077374,1.361950483399113,1.0000000000000244,"L001,L018,L019,L030,L040,L044,L045,L046,L054,L056,L057,L060,L102,L104,L109,L110,L111,L112,L113,L115,L128,L129,L130,L131,L132,L134,L140,L143,L148,L149,L150,L153,L154,L155,L156,L157,L158,L159,L160,L169,L175,L178,L179,L180,L182",45,64.1111379747738,64.1111379747738,43,"L018,L019,L030,L040,L044,L045,L046,L054,L056,L057,L060,L102,L104,L109,L110,L111,L113,L115,L128,L129,L130,L131,L132,L134,L140,L143,L148,L149,L150,L153,L154,L155,L156,L157,L158,L159,L160,L169,L175,L178,L179,L180,L182",43,True,relay_cascade,
29,"top_50,top_100",1,20260708,L003->L032,L003,L032,True,True,134.64969389417286,133.28774341077374,1.3619504833991214,1.0000000000000244,"L003,L015,L018,L019,L020,L024,L025,L030,L032,L039,L040,L044,L045,L046,L054,L056,L060,L065,L102,L104,L109,L110,L111,L112,L113,L115,L128,L129,L130,L131,L132,L134,L140,L143,L148,L149,L150,L153,L154,L155,L156,L157,L158,L159,L160,L169,L175,L178,L179,L180,L182",51,67.98912017731881,67.98912017731881,46,"L020,L024,L025,L030,L039,L040,L044,L045,L046,L054,L056,L060,L065,L102,L104,L109,L110,L111,L112,L113,L115,L128,L129,L130,L131,L132,L134,L140,L143,L148,L149,L150,L153,L154,L155,L156,L157,L158,L159,L160,L169,L175,L178,L179,L180,L182",49,True,relay_cascade,
30,"top_50,top_100",1,20260708,L001->L023,L001,L023,True,True,133.28774341077374,133.28774341077374,0.0,1.0000000000000142,"L001,L018,L019,L023,L025,L026,L039,L040,L044,L045,L046,L054,L060,L065,L102,L104,L109,L110,L111,L112,L113,L115,L128,L129,L130,L131,L132,L134,L140,L143,L148,L149,L150,L153,L154,L155,L156,L157,L158,L159,L160,L169,L175,L178,L179,L180,L182",47,64.33303772052058,64.33303772052058,45,"L018,L019,L025,L026,L039,L040,L044,L045,L046,L054,L060,L065,L102,L104,L109,L110,L111,L112,L113,L115,L128,L129,L130,L131,L132,L134,L140,L143,L148,L149,L150,L153,L154,L155,L156,L157,L158,L159,L160,L169,L175,L178,L179,L180,L182",45,True,relay_cascade,
31,"top_50,top_100",1,20260708,L003->L058,L003,L058,True,True,132.00703662701395,126.01555459277004,5.991482034243933,1.0000000000000016,"L003,L015,L018,L019,L030,L040,L044,L045,L046,L054,L057,L058,L060,L078,L102,L104,L109,L110,L111,L112,L113,L114,L115,L128,L129,L130,L131,L132,L134,L140,L143,L148,L149,L150,L153,L154,L155,L156,L157,L158,L159,L160,L169,L175,L178,L179,L182,L186",48,64.23266080774037,64.23266080774037,43,"L030,L040,L044,L045,L046,L054,L057,L060,L078,L102,L104,L109,L110,L111,L112,L113,L114,L115,L128,L129,L130,L131,L132,L134,L140,L143,L148,L149,L150,L153,L154,L155,L156,L157,L158,L159,L160,L169,L175,L178,L179,L182,L186",46,True,relay_cascade,
32,"top_50,top_100",1,20260708,L001->L031,L001,L031,True,True,128.97850174544493,127.6165512620458,1.3619504833991325,1.000000000000004,"L001,L018,L019,L020,L022,L024,L025,L026,L030,L031,L035,L039,L040,L042,L043,L044,L046,L054,L056,L057,L060,L102,L104,L109,L110,L111,L112,L113,L115,L128,L129,L130,L134,L140,L143,L149,L150,L153,L154,L155,L156,L158,L159,L160,L169,L178,L179,L182",48,68.63698097608376,68.63698097608376,46,"L018,L019,L020,L022,L024,L025,L026,L030,L035,L039,L040,L042,L043,L044,L046,L054,L056,L057,L060,L102,L104,L109,L110,L111,L112,L113,L115,L128,L129,L130,L134,L140,L143,L149,L150,L153,L154,L155,L156,L158,L159,L160,L169,L178,L179,L182",46,True,relay_cascade,
33,"top_50,top_100",1,20260708,L001->L049,L001,L049,True,True,127.37750507616916,126.01555459277004,1.3619504833991325,1.0000000000000346,"L001,L018,L019,L030,L040,L044,L045,L046,L049,L054,L056,L060,L102,L104,L109,L110,L111,L112,L113,L115,L128,L129,L130,L131,L132,L134,L140,L143,L148,L149,L150,L153,L154,L155,L156,L157,L158,L159,L160,L169,L175,L178,L179,L182",44,65.36500951830953,65.36500951830953,42,"L018,L019,L030,L040,L044,L045,L046,L054,L056,L060,L102,L104,L109,L110,L111,L112,L113,L115,L128,L129,L130,L131,L132,L134,L140,L143,L148,L149,L150,L153,L154,L155,L156,L157,L158,L159,L160,L169,L175,L178,L179,L182",42,True,relay_cascade,
34,"top_50,top_100",1,20260708,L003->L049,L003,L049,True,True,127.37750507616916,126.01555459277004,1.3619504833991325,1.0000000000000346,"L003,L015,L018,L019,L030,L040,L044,L045,L046,L049,L054,L056,L060,L102,L104,L109,L110,L111,L112,L113,L115,L128,L129,L130,L131,L132,L134,L140,L143,L148,L149,L150,L153,L154,L155,L156,L157,L158,L159,L160,L169,L175,L178,L179,L182",45,65.36549565821082,65.36549565821082,40,"L030,L040,L044,L045,L046,L054,L056,L060,L102,L104,L109,L110,L111,L112,L113,L115,L128,L129,L130,L131,L132,L134,L140,L143,L148,L149,L150,L153,L154,L155,L156,L157,L158,L159,L160,L169,L175,L178,L179,L182",43,True,relay_cascade,
35,"top_50,top_100",1,20260708,L001->L039,L001,L039,True,True,127.37750507616916,126.01555459277004,1.3619504833991214,1.0000000000000244,"L001,L018,L019,L030,L039,L040,L044,L045,L046,L054,L056,L060,L065,L102,L104,L109,L110,L111,L112,L113,L115,L128,L129,L130,L131,L132,L134,L140,L143,L148,L149,L150,L153,L154,L155,L156,L157,L158,L159,L160,L169,L175,L178,L179,L182",45,66.30607546457234,66.30607546457234,43,"L018,L019,L030,L040,L044,L045,L046,L054,L056,L060,L065,L102,L104,L109,L110,L111,L112,L113,L115,L128,L129,L130,L131,L132,L134,L140,L143,L148,L149,L150,L153,L154,L155,L156,L157,L158,L159,L160,L169,L175,L178,L179,L182",43,True,relay_cascade,
36,"top_50,top_100",1,20260708,L001->L066,L001,L066,True,True,127.37750507616916,126.01555459277004,1.3619504833991103,1.0000000000000244,"L001,L018,L019,L030,L040,L044,L045,L046,L054,L056,L057,L060,L066,L102,L104,L109,L110,L111,L112,L113,L115,L128,L129,L130,L131,L132,L134,L140,L143,L148,L149,L150,L153,L154,L155,L156,L157,L158,L159,L160,L169,L175,L178,L179,L182",45,66.10518414906595,66.10518414906595,43,"L018,L019,L030,L040,L044,L045,L046,L054,L056,L057,L060,L102,L104,L109,L110,L111,L112,L113,L115,L128,L129,L130,L131,L132,L134,L140,L143,L148,L149,L150,L153,L154,L155,L156,L157,L158,L159,L160,L169,L175,L178,L179,L182",43,True,relay_cascade,
37,"top_50,top_100",1,20260708,L001->L067,L001,L067,True,True,127.37750507616916,126.01555459277004,1.3619504833991103,1.0000000000000244,"L001,L018,L019,L030,L040,L044,L045,L046,L054,L056,L057,L060,L067,L102,L104,L109,L110,L111,L112,L113,L115,L128,L129,L130,L131,L132,L134,L140,L143,L148,L149,L150,L153,L154,L155,L156,L157,L158,L159,L160,L169,L175,L178,L179,L182",45,66.10518414906595,66.10518414906595,43,"L018,L019,L030,L040,L044,L045,L046,L054,L056,L057,L060,L102,L104,L109,L110,L111,L112,L113,L115,L128,L129,L130,L131,L132,L134,L140,L143,L148,L149,L150,L153,L154,L155,L156,L157,L158,L159,L160,L169,L175,L178,L179,L182",43,True,relay_cascade,
38,"top_50,top_100",1,20260708,L001->L104,L001,L104,True,True,127.37750507616916,126.01555459277004,1.3619504833991103,1.0000000000000244,"L001,L018,L019,L030,L040,L044,L045,L046,L054,L056,L060,L065,L102,L104,L109,L110,L111,L112,L113,L114,L115,L128,L129,L130,L131,L132,L134,L140,L143,L148,L149,L150,L153,L154,L155,L156,L157,L158,L159,L160,L169,L175,L178,L179,L182,L186",46,66.31282535493551,66.31282535493551,44,"L018,L019,L030,L040,L044,L045,L046,L054,L056,L060,L065,L102,L109,L110,L111,L112,L113,L114,L115,L128,L129,L130,L131,L132,L134,L140,L143,L148,L149,L150,L153,L154,L155,L156,L157,L158,L159,L160,L169,L175,L178,L179,L182,L186",44,True,relay_cascade,
39,"top_50,top_100",1,20260708,L001->L113,L001,L113,True,True,127.37750507616916,126.01555459277004,1.361950483399113,1.0000000000000244,"L001,L018,L019,L030,L039,L040,L044,L045,L046,L054,L056,L057,L060,L102,L104,L109,L111,L112,L113,L115,L128,L129,L130,L131,L132,L134,L140,L143,L148,L149,L150,L153,L154,L155,L156,L157,L158,L159,L160,L169,L175,L178,L179,L182",44,66.43495711583354,66.43495711583354,42,"L018,L019,L030,L039,L040,L044,L045,L046,L054,L056,L057,L060,L102,L104,L109,L111,L112,L115,L128,L129,L130,L131,L132,L134,L140,L143,L148,L149,L150,L153,L154,L155,L156,L157,L158,L159,L160,L169,L175,L178,L179,L182",42,True,relay_cascade,
40,"top_50,top_100",1,20260708,L001->L177,L001,L177,True,True,127.37750507616916,126.01555459277004,1.3619504833991214,1.0000000000000244,"L001,L018,L019,L030,L040,L044,L045,L046,L054,L056,L060,L065,L102,L104,L109,L110,L111,L112,L113,L115,L128,L129,L130,L131,L132,L134,L135,L140,L143,L148,L149,L150,L153,L154,L155,L156,L157,L158,L159,L160,L169,L175,L177,L178,L179,L182",46,71.83015080545668,71.83015080545668,44,"L018,L019,L030,L040,L044,L045,L046,L054,L056,L060,L065,L102,L104,L109,L110,L111,L112,L113,L115,L128,L129,L130,L131,L132,L134,L135,L140,L143,L148,L149,L150,L153,L154,L155,L156,L157,L158,L159,L160,L169,L175,L178,L179,L182",44,True,relay_cascade,
41,"top_50,top_100",1,20260708,L003->L027,L003,L027,True,True,127.37750507616916,126.01555459277004,1.3619504833991214,1.0000000000000244,"L003,L015,L018,L019,L027,L030,L040,L044,L045,L046,L054,L056,L060,L065,L102,L104,L109,L110,L111,L112,L113,L115,L128,L129,L130,L131,L132,L134,L140,L143,L148,L149,L150,L153,L154,L155,L156,L157,L158,L159,L160,L169,L175,L178,L179,L182",46,66.29458435856104,66.29458435856104,41,"L030,L040,L044,L045,L046,L054,L056,L060,L065,L102,L104,L109,L110,L111,L112,L113,L115,L128,L129,L130,L131,L132,L134,L140,L143,L148,L149,L150,L153,L154,L155,L156,L157,L158,L159,L160,L169,L175,L178,L179,L182",44,True,relay_cascade,
42,"top_50,top_100",1,20260708,L003->L030,L003,L030,True,True,127.37750507616916,126.01555459277004,1.3619504833991103,1.0000000000000244,"L003,L015,L018,L019,L030,L040,L044,L045,L046,L054,L056,L060,L102,L104,L109,L110,L111,L112,L113,L115,L128,L129,L130,L131,L132,L134,L140,L143,L148,L149,L150,L153,L154,L155,L156,L157,L158,L159,L160,L169,L175,L178,L179,L182",44,66.06825632955231,66.06825632955231,39,"L040,L044,L045,L046,L054,L056,L060,L102,L104,L109,L110,L111,L112,L113,L115,L128,L129,L130,L131,L132,L134,L140,L143,L148,L149,L150,L153,L154,L155,L156,L157,L158,L159,L160,L169,L175,L178,L179,L182",42,True,relay_cascade,
43,"top_50,top_100",1,20260708,L003->L043,L003,L043,True,True,127.37750507616916,126.01555459277004,1.3619504833991214,1.0000000000000244,"L003,L015,L018,L019,L030,L040,L043,L044,L045,L046,L054,L056,L060,L065,L102,L104,L109,L110,L111,L112,L113,L115,L128,L129,L130,L131,L132,L134,L140,L143,L148,L149,L150,L153,L154,L155,L156,L157,L158,L159,L160,L169,L175,L178,L179,L182",46,66.31996248962602,66.31996248962602,41,"L030,L040,L044,L045,L046,L054,L056,L060,L065,L102,L104,L109,L110,L111,L112,L113,L115,L128,L129,L130,L131,L132,L134,L140,L143,L148,L149,L150,L153,L154,L155,L156,L157,L158,L159,L160,L169,L175,L178,L179,L182",44,True,relay_cascade,
44,"top_50,top_100",1,20260708,L003->L066,L003,L066,True,True,127.37750507616916,126.01555459277004,1.3619504833991103,1.0000000000000244,"L003,L015,L018,L019,L030,L040,L044,L045,L046,L054,L056,L057,L060,L066,L102,L104,L109,L110,L111,L112,L113,L115,L128,L129,L130,L131,L132,L134,L140,L143,L148,L149,L150,L153,L154,L155,L156,L157,L158,L159,L160,L169,L175,L178,L179,L182",46,66.37281169656131,66.37281169656131,41,"L030,L040,L044,L045,L046,L054,L056,L057,L060,L102,L104,L109,L110,L111,L112,L113,L115,L128,L129,L130,L131,L132,L134,L140,L143,L148,L149,L150,L153,L154,L155,L156,L157,L158,L159,L160,L169,L175,L178,L179,L182",44,True,relay_cascade,
45,"top_50,top_100",1,20260708,L003->L067,L003,L067,True,True,127.37750507616916,126.01555459277004,1.3619504833991103,1.0000000000000244,"L003,L015,L018,L019,L030,L040,L044,L045,L046,L054,L056,L057,L060,L067,L102,L104,L109,L110,L111,L112,L113,L115,L128,L129,L130,L131,L132,L134,L140,L143,L148,L149,L150,L153,L154,L155,L156,L157,L158,L159,L160,L169,L175,L178,L179,L182",46,66.37281169656131,66.37281169656131,41,"L030,L040,L044,L045,L046,L054,L056,L057,L060,L102,L104,L109,L110,L111,L112,L113,L115,L128,L129,L130,L131,L132,L134,L140,L143,L148,L149,L150,L153,L154,L155,L156,L157,L158,L159,L160,L169,L175,L178,L179,L182",44,True,relay_cascade,
46,"top_50,top_100",1,20260708,L003->L112,L003,L112,True,True,127.37750507616916,126.01555459277004,1.361950483399113,1.0000000000000244,"L003,L015,L018,L019,L030,L040,L044,L045,L046,L054,L056,L057,L060,L102,L104,L109,L110,L111,L112,L113,L115,L128,L129,L130,L131,L132,L134,L140,L143,L148,L149,L150,L153,L154,L155,L156,L157,L158,L159,L160,L169,L175,L178,L179,L182",45,64.11113797477397,64.11113797477397,40,"L030,L040,L044,L045,L046,L054,L056,L057,L060,L102,L104,L109,L110,L111,L113,L115,L128,L129,L130,L131,L132,L134,L140,L143,L148,L149,L150,L153,L154,L155,L156,L157,L158,L159,L160,L169,L175,L178,L179,L182",43,True,relay_cascade,
47,"top_50,top_100",1,20260708,L003->L113,L003,L113,True,True,127.37750507616916,126.01555459277004,1.361950483399113,1.0000000000000244,"L003,L015,L018,L019,L030,L039,L040,L044,L045,L046,L054,L056,L057,L060,L102,L104,L109,L111,L112,L113,L115,L128,L129,L130,L131,L132,L134,L140,L143,L148,L149,L150,L153,L154,L155,L156,L157,L158,L159,L160,L169,L175,L178,L179,L182",45,66.43545632798383,66.43545632798383,40,"L030,L039,L040,L044,L045,L046,L054,L056,L057,L060,L102,L104,L109,L111,L112,L115,L128,L129,L130,L131,L132,L134,L140,L143,L148,L149,L150,L153,L154,L155,L156,L157,L158,L159,L160,L169,L175,L178,L179,L182",43,True,relay_cascade,
48,"top_50,top_100",1,20260708,L003->L117,L003,L117,True,True,127.37750507616916,126.01555459277004,1.3619504833991214,1.0000000000000244,"L003,L015,L018,L019,L030,L039,L040,L044,L045,L046,L054,L056,L060,L102,L104,L109,L110,L111,L112,L113,L115,L117,L128,L129,L130,L131,L132,L134,L140,L143,L148,L149,L150,L153,L154,L155,L156,L157,L158,L159,L160,L169,L175,L178,L179,L182",46,66.46964302308393,66.46964302308393,41,"L030,L039,L040,L044,L045,L046,L054,L056,L060,L102,L104,L109,L110,L111,L112,L113,L115,L128,L129,L130,L131,L132,L134,L140,L143,L148,L149,L150,L153,L154,L155,L156,L157,L158,L159,L160,L169,L175,L178,L179,L182",44,True,relay_cascade,
49,"top_50,top_100",1,20260708,L001->L114,L001,L114,True,True,127.37750507616916,126.01555459277004,1.3619504833991214,1.0000000000000142,"L001,L018,L019,L030,L040,L044,L045,L046,L054,L056,L060,L102,L104,L109,L110,L111,L112,L113,L114,L115,L128,L129,L130,L131,L132,L134,L140,L143,L148,L149,L150,L153,L154,L155,L156,L157,L158,L159,L160,L169,L175,L178,L179,L182,L186",45,66.31111391230658,66.31111391230658,43,"L018,L019,L030,L040,L044,L045,L046,L054,L056,L060,L102,L104,L109,L110,L111,L112,L113,L115,L128,L129,L130,L131,L132,L134,L140,L143,L148,L149,L150,L153,L154,L155,L156,L157,L158,L159,L160,L169,L175,L178,L179,L182,L186",43,True,relay_cascade,
50,"top_50,top_100",1,20260708,L003->L109,L003,L109,True,True,127.37750507616916,126.01555459277004,1.3619504833991214,1.0000000000000142,"L003,L015,L018,L019,L030,L039,L040,L044,L045,L046,L054,L056,L060,L102,L104,L109,L110,L111,L112,L113,L114,L115,L128,L129,L130,L131,L132,L134,L140,L143,L148,L149,L150,L153,L154,L155,L156,L157,L158,L159,L160,L169,L175,L178,L179,L182,L186",47,64.2326608077403,64.2326608077403,42,"L030,L039,L040,L044,L045,L046,L054,L056,L060,L102,L104,L110,L111,L112,L113,L114,L115,L128,L129,L130,L131,L132,L134,L140,L143,L148,L149,L150,L153,L154,L155,L156,L157,L158,L159,L160,L169,L175,L178,L179,L182,L186",45,True,relay_cascade,
51,top_100,1,20260708,L001->L119,L001,L119,True,True,127.37750507616916,126.01555459277004,1.3619504833991103,1.0000000000000129,"L001,L018,L019,L030,L040,L044,L045,L046,L054,L056,L057,L060,L065,L102,L104,L109,L110,L111,L112,L113,L114,L115,L119,L126,L127,L128,L129,L130,L131,L132,L134,L140,L143,L148,L149,L150,L153,L154,L155,L156,L157,L158,L159,L160,L169,L175,L178,L179,L182,L186",50,63.451321515951854,63.451321515951854,48,"L018,L019,L030,L040,L044,L045,L046,L054,L056,L057,L060,L065,L102,L104,L109,L110,L111,L112,L113,L114,L115,L126,L127,L128,L129,L130,L131,L132,L134,L140,L143,L148,L149,L150,L153,L154,L155,L156,L157,L158,L159,L160,L169,L175,L178,L179,L182,L186",48,True,relay_cascade,
52,top_100,1,20260708,L003->L119,L003,L119,True,True,127.37750507616916,126.01555459277004,1.3619504833991103,1.0000000000000129,"L003,L015,L018,L019,L030,L040,L044,L045,L046,L054,L056,L057,L060,L065,L102,L104,L109,L110,L111,L112,L113,L114,L115,L119,L126,L127,L128,L129,L130,L131,L132,L134,L140,L143,L148,L149,L150,L153,L154,L155,L156,L157,L158,L159,L160,L169,L175,L178,L179,L182,L186",51,63.45132151595189,63.45132151595189,46,"L030,L040,L044,L045,L046,L054,L056,L057,L060,L065,L102,L104,L109,L110,L111,L112,L113,L114,L115,L126,L127,L128,L129,L130,L131,L132,L134,L140,L143,L148,L149,L150,L153,L154,L155,L156,L157,L158,L159,L160,L169,L175,L178,L179,L182,L186",49,True,relay_cascade,
53,top_100,1,20260708,L001->L103,L001,L103,True,True,127.37750507616916,126.01555459277004,1.3619504833991158,1.0000000000000044,"L001,L018,L019,L030,L040,L044,L045,L046,L054,L056,L060,L065,L078,L079,L095,L102,L103,L104,L109,L110,L111,L112,L113,L115,L128,L129,L130,L131,L132,L134,L140,L143,L148,L149,L150,L153,L154,L155,L156,L157,L158,L159,L160,L169,L175,L178,L179,L182",48,64.73691031973772,64.73691031973772,46,"L018,L019,L030,L040,L044,L045,L046,L054,L056,L060,L065,L078,L079,L095,L102,L104,L109,L110,L111,L112,L113,L115,L128,L129,L130,L131,L132,L134,L140,L143,L148,L149,L150,L153,L154,L155,L156,L157,L158,L159,L160,L169,L175,L178,L179,L182",46,True,relay_cascade,
54,top_100,1,20260708,L003->L063,L003,L063,True,True,127.37750507616916,126.01555459277004,1.3619504833991214,1.0000000000000029,"L003,L015,L018,L019,L030,L039,L040,L044,L045,L046,L054,L056,L057,L060,L063,L065,L102,L104,L106,L109,L110,L111,L112,L113,L114,L115,L128,L129,L130,L131,L132,L134,L140,L143,L148,L149,L150,L153,L154,L155,L156,L157,L158,L159,L160,L169,L175,L178,L179,L182,L186",51,64.23266080774037,64.23266080774037,46,"L030,L039,L040,L044,L045,L046,L054,L056,L057,L060,L065,L102,L104,L106,L109,L110,L111,L112,L113,L114,L115,L128,L129,L130,L131,L132,L134,L140,L143,L148,L149,L150,L153,L154,L155,L156,L157,L158,L159,L160,L169,L175,L178,L179,L182,L186",49,True,relay_cascade,
55,top_100,1,20260708,L003->L008,L003,L008,True,True,123.61607900530504,122.13552391740556,1.4805550878994822,1.0000000000000022,"L001,L003,L008,L014,L015,L018,L019,L020,L022,L030,L037,L040,L044,L045,L046,L054,L056,L057,L060,L065,L082,L095,L102,L104,L109,L110,L111,L112,L113,L115,L128,L129,L130,L131,L132,L134,L140,L143,L149,L150,L153,L154,L155,L156,L157,L158,L159,L160,L169,L178,L179,L180,L182",53,65.84713554391773,65.84713554391773,48,"L001,L014,L020,L022,L030,L037,L040,L044,L045,L046,L054,L056,L057,L060,L065,L082,L095,L102,L104,L109,L110,L111,L112,L113,L115,L128,L129,L130,L131,L132,L134,L140,L143,L149,L150,L153,L154,L155,L156,L157,L158,L159,L160,L169,L178,L179,L180,L182",51,True,relay_cascade,
56,top_100,1,20260708,L001->L068,L001,L068,True,True,120.49945162738425,119.13750114398512,1.3619504833991214,1.0000000000000244,"L001,L018,L019,L030,L040,L044,L045,L046,L054,L056,L060,L062,L065,L068,L102,L109,L110,L111,L112,L113,L115,L128,L134,L140,L143,L148,L149,L150,L153,L154,L155,L156,L157,L158,L159,L160,L169,L178,L179,L182",40,62.28418647341002,62.28418647341002,38,"L018,L019,L030,L040,L044,L045,L046,L054,L056,L060,L062,L065,L102,L109,L110,L111,L112,L113,L115,L128,L134,L140,L143,L148,L149,L150,L153,L154,L155,L156,L157,L158,L159,L160,L169,L178,L179,L182",38,True,relay_cascade,
57,top_100,1,20260708,L003->L068,L003,L068,True,True,120.49945162738425,119.13750114398512,1.3619504833991103,1.0000000000000244,"L003,L015,L018,L019,L030,L040,L044,L045,L046,L054,L056,L057,L060,L062,L065,L068,L102,L109,L110,L111,L112,L113,L115,L128,L134,L140,L143,L148,L149,L150,L153,L154,L155,L156,L157,L158,L159,L160,L169,L178,L179,L182",42,62.28456506126869,62.28456506126869,37,"L030,L040,L044,L045,L046,L054,L056,L057,L060,L062,L065,L102,L109,L110,L111,L112,L113,L115,L128,L134,L140,L143,L148,L149,L150,L153,L154,L155,L156,L157,L158,L159,L160,L169,L178,L179,L182",40,True,relay_cascade,
58,top_100,1,20260708,L003->L053,L003,L053,True,True,119.48351822844512,114.61109090481112,4.872427323633999,1.0000000000000044,"L003,L015,L018,L019,L030,L040,L044,L045,L046,L052,L053,L054,L055,L057,L058,L060,L062,L064,L065,L073,L074,L077,L078,L082,L091,L093,L094,L095,L102,L104,L106,L109,L110,L111,L112,L113,L114,L115,L128,L134,L140,L143,L148,L149,L150,L151,L153,L154,L155,L156,L157,L158,L159,L160,L169,L178,L179,L180,L182,L186",60,62.30145394900445,62.30145394900445,55,"L030,L040,L044,L045,L046,L052,L054,L055,L057,L058,L060,L062,L064,L065,L073,L074,L077,L078,L082,L091,L093,L094,L095,L102,L104,L106,L109,L110,L111,L112,L113,L114,L115,L128,L134,L140,L143,L148,L149,L150,L151,L153,L154,L155,L156,L157,L158,L159,L160,L169,L178,L179,L180,L182,L186",58,True,relay_cascade,
59,top_100,1,20260708,L001->L096,L001,L096,True,True,117.35880215693476,111.24871551819048,6.110086638744311,1.0000000000000016,"L001,L018,L019,L030,L044,L045,L046,L057,L058,L059,L060,L061,L065,L096,L102,L104,L109,L110,L111,L112,L115,L128,L129,L130,L131,L134,L140,L143,L149,L150,L153,L154,L155,L156,L157,L158,L159,L160,L169,L178,L179,L182",42,65.13054963829698,65.13054963829698,40,"L018,L019,L030,L044,L045,L046,L057,L058,L059,L060,L061,L065,L102,L104,L109,L110,L111,L112,L115,L128,L129,L130,L131,L134,L140,L143,L149,L150,L153,L154,L155,L156,L157,L158,L159,L160,L169,L178,L179,L182",40,True,relay_cascade,
60,top_100,1,20260708,L001->L106,L001,L106,True,True,115.42363676542448,114.06168628202536,1.3619504833991214,1.0000000000000029,"L001,L018,L019,L030,L040,L044,L045,L046,L054,L056,L057,L060,L062,L063,L064,L065,L073,L074,L077,L078,L082,L095,L102,L104,L105,L106,L109,L110,L111,L112,L113,L115,L128,L129,L134,L140,L143,L149,L150,L153,L154,L155,L156,L158,L159,L160,L169,L178,L179,L182",50,64.06406362836636,64.06406362836636,48,"L018,L019,L030,L040,L044,L045,L046,L054,L056,L057,L060,L062,L063,L064,L065,L073,L074,L077,L078,L082,L095,L102,L104,L105,L109,L110,L111,L112,L113,L115,L128,L129,L134,L140,L143,L149,L150,L153,L154,L155,L156,L158,L159,L160,L169,L178,L179,L182",48,True,relay_cascade,
61,top_100,1,20260708,L001->L141,L001,L141,True,True,115.07644720281957,113.71449671942044,1.3619504833991158,1.0000000000000064,"L001,L018,L019,L030,L039,L040,L044,L045,L046,L054,L056,L060,L102,L109,L110,L111,L112,L113,L115,L128,L134,L140,L141,L142,L143,L148,L149,L153,L154,L155,L156,L157,L158,L159,L160,L169,L178,L179,L182",39,20.00569196664311,20.00569196664311,37,"L018,L019,L030,L039,L040,L044,L045,L046,L054,L056,L060,L102,L109,L110,L111,L112,L113,L115,L128,L134,L140,L142,L143,L148,L149,L153,L154,L155,L156,L157,L158,L159,L160,L169,L178,L179,L182",37,True,relay_cascade,
62,top_100,1,20260708,L003->L052,L003,L052,True,True,114.61109090481112,114.61109090481112,0.0,1.0000000000000044,"L003,L015,L018,L019,L030,L040,L044,L045,L046,L052,L053,L054,L057,L058,L060,L062,L064,L065,L073,L074,L077,L078,L082,L091,L093,L094,L095,L102,L104,L106,L109,L110,L111,L112,L113,L114,L115,L128,L134,L140,L143,L148,L149,L150,L151,L153,L154,L155,L156,L157,L158,L159,L160,L169,L178,L179,L180,L182,L186",59,62.30145394900445,62.30145394900445,54,"L030,L040,L044,L045,L046,L053,L054,L057,L058,L060,L062,L064,L065,L073,L074,L077,L078,L082,L091,L093,L094,L095,L102,L104,L106,L109,L110,L111,L112,L113,L114,L115,L128,L134,L140,L143,L148,L149,L150,L151,L153,L154,L155,L156,L157,L158,L159,L160,L169,L178,L179,L180,L182,L186",57,True,relay_cascade,
63,top_100,1,20260708,L001->L037,L001,L037,True,True,114.23605640861808,112.75550132071852,1.4805550878995433,1.0000000000000009,"L001,L012,L014,L015,L018,L019,L020,L030,L037,L044,L045,L046,L056,L057,L060,L065,L073,L074,L077,L078,L082,L095,L102,L104,L109,L110,L111,L112,L113,L115,L128,L129,L130,L131,L132,L134,L140,L143,L149,L150,L153,L154,L155,L156,L157,L158,L159,L160,L169,L178,L179,L182",52,66.8536255822868,66.8536255822868,50,"L012,L014,L015,L018,L019,L020,L030,L044,L045,L046,L056,L057,L060,L065,L073,L074,L077,L078,L082,L095,L102,L104,L109,L110,L111,L112,L113,L115,L128,L129,L130,L131,L132,L134,L140,L143,L149,L150,L153,L154,L155,L156,L157,L158,L159,L160,L169,L178,L179,L182",50,True,relay_cascade,
64,top_100,1,20260708,L003->L096,L003,L096,True,True,113.6498191065056,107.53973246776124,6.110086638744344,1.000000000000001,"L003,L015,L018,L019,L030,L044,L045,L046,L057,L058,L059,L060,L065,L082,L096,L102,L104,L109,L110,L111,L112,L113,L115,L126,L127,L128,L129,L130,L131,L132,L134,L140,L143,L149,L150,L153,L154,L155,L156,L157,L158,L159,L160,L169,L178,L179,L182",47,67.64570104974418,67.64570104974418,42,"L030,L044,L045,L046,L057,L058,L059,L060,L065,L082,L102,L104,L109,L110,L111,L112,L113,L115,L126,L127,L128,L129,L130,L131,L132,L134,L140,L143,L149,L150,L153,L154,L155,L156,L157,L158,L159,L160,L169,L178,L179,L182",45,True,relay_cascade,
65,top_100,1,20260708,L003->L029,L003,L029,True,True,113.43463701522256,112.07268653182342,1.3619504833991214,1.0000000000000142,"L003,L015,L018,L019,L020,L022,L024,L025,L029,L030,L039,L040,L044,L045,L046,L054,L056,L060,L102,L104,L109,L110,L111,L112,L113,L114,L115,L128,L134,L140,L143,L148,L149,L150,L153,L154,L155,L156,L157,L158,L159,L160,L169,L175,L178,L179,L180,L182,L186",49,62.55656488579023,62.55656488579023,44,"L020,L022,L024,L025,L030,L039,L040,L044,L045,L046,L054,L056,L060,L102,L104,L109,L110,L111,L112,L113,L114,L115,L128,L134,L140,L143,L148,L149,L150,L153,L154,L155,L156,L157,L158,L159,L160,L169,L175,L178,L179,L180,L182,L186",47,True,relay_cascade,
66,top_100,1,20260708,L002->L107,L002,L107,True,True,113.24991518101832,113.24991518101832,0.0,1.0000000000000075,"L001,L002,L013,L018,L019,L030,L039,L044,L045,L046,L054,L056,L057,L060,L062,L063,L064,L065,L102,L104,L105,L106,L107,L109,L110,L111,L112,L113,L115,L126,L127,L128,L134,L140,L143,L148,L149,L150,L153,L154,L155,L156,L157,L158,L159,L160,L169,L175,L178,L179,L182,L186",52,3.1825308390924705,3.1825308390924705,8,"L062,L063,L064,L105,L106,L126,L127,L186",50,True,relay_cascade,
67,top_100,1,20260708,L002->L183,L002,L183,True,True,113.24991518101832,113.24991518101832,0.0,1.0000000000000075,"L001,L002,L013,L018,L019,L030,L039,L044,L045,L046,L054,L056,L057,L060,L062,L063,L064,L065,L102,L104,L105,L106,L109,L110,L111,L112,L113,L115,L128,L134,L140,L143,L148,L149,L150,L153,L154,L155,L156,L157,L158,L159,L160,L169,L175,L178,L179,L182,L183",49,3.1825308390924683,3.1825308390924683,5,"L062,L063,L064,L105,L106",47,True,relay_cascade,
68,top_100,1,20260708,L001->L021,L001,L021,True,True,111.81729587298082,111.69869126848042,0.1186046045004052,1.0000000000000016,"L001,L018,L019,L021,L024,L025,L026,L030,L039,L044,L045,L046,L048,L054,L060,L065,L102,L104,L109,L110,L111,L112,L113,L114,L115,L128,L129,L130,L131,L132,L134,L140,L143,L149,L150,L153,L154,L155,L156,L157,L158,L159,L160,L169,L178,L179,L182,L186",48,61.969824431394976,61.969824431394976,46,"L018,L019,L024,L025,L026,L030,L039,L044,L045,L046,L048,L054,L060,L065,L102,L104,L109,L110,L111,L112,L113,L114,L115,L128,L129,L130,L131,L132,L134,L140,L143,L149,L150,L153,L154,L155,L156,L157,L158,L159,L160,L169,L178,L179,L182,L186",46,True,relay_cascade,
69,top_100,1,20260708,L002->L125,L002,L125,True,True,111.76063839397672,111.76063839397672,0.0,1.000000000000004,"L001,L002,L013,L018,L019,L030,L039,L044,L045,L046,L054,L056,L057,L060,L065,L102,L104,L109,L110,L111,L112,L113,L115,L121,L125,L128,L134,L140,L143,L148,L149,L150,L153,L154,L155,L156,L157,L158,L159,L160,L169,L175,L178,L179,L182,L186",46,1.2611769701644706,1.2611769701644706,2,"L121,L186",44,True,relay_cascade,
70,top_100,1,20260708,L001->L098,L001,L098,True,True,111.23516997772312,109.873219494324,1.3619504833991158,1.0000000000000004,"L001,L018,L019,L030,L040,L044,L045,L046,L054,L055,L056,L057,L060,L063,L065,L073,L074,L077,L078,L079,L080,L082,L084,L088,L089,L091,L092,L093,L094,L095,L098,L099,L100,L101,L102,L103,L104,L106,L109,L110,L111,L112,L113,L115,L126,L127,L128,L129,L130,L134,L140,L143,L149,L150,L153,L154,L155,L156,L158,L159,L160,L169,L178,L179,L182",65,69.0190457154001,69.0190457154001,63,"L018,L019,L030,L040,L044,L045,L046,L054,L055,L056,L057,L060,L063,L065,L073,L074,L077,L078,L079,L080,L082,L084,L088,L089,L091,L092,L093,L094,L095,L099,L100,L101,L102,L103,L104,L106,L109,L110,L111,L112,L113,L115,L126,L127,L128,L129,L130,L134,L140,L143,L149,L150,L153,L154,L155,L156,L158,L159,L160,L169,L178,L179,L182",63,True,relay_cascade,
71,top_100,1,20260708,L001->L099,L001,L099,True,True,111.23516997772312,109.873219494324,1.3619504833991158,1.0000000000000004,"L001,L018,L019,L030,L040,L044,L045,L046,L054,L055,L056,L057,L060,L063,L065,L073,L074,L077,L078,L079,L080,L082,L084,L088,L089,L091,L092,L093,L094,L095,L098,L099,L100,L101,L102,L103,L104,L106,L109,L110,L111,L112,L113,L115,L126,L127,L128,L129,L130,L134,L140,L143,L149,L150,L153,L154,L155,L156,L158,L159,L160,L169,L178,L179,L182",65,69.0190457154001,69.0190457154001,63,"L018,L019,L030,L040,L044,L045,L046,L054,L055,L056,L057,L060,L063,L065,L073,L074,L077,L078,L079,L080,L082,L084,L088,L089,L091,L092,L093,L094,L095,L098,L100,L101,L102,L103,L104,L106,L109,L110,L111,L112,L113,L115,L126,L127,L128,L129,L130,L134,L140,L143,L149,L150,L153,L154,L155,L156,L158,L159,L160,L169,L178,L179,L182",63,True,relay_cascade,
72,top_100,1,20260708,L001->L007,L001,L007,True,True,109.20304857422,107.84109809082084,1.3619504833991547,1.0000000000000009,"L001,L007,L018,L019,L020,L022,L030,L037,L044,L045,L046,L056,L057,L060,L065,L073,L074,L077,L078,L082,L091,L095,L102,L104,L106,L109,L110,L111,L113,L115,L126,L127,L128,L129,L134,L140,L143,L149,L150,L153,L154,L155,L156,L158,L159,L160,L169,L175,L178,L179,L182,L186",52,73.52165423028224,73.52165423028224,50,"L018,L019,L020,L022,L030,L037,L044,L045,L046,L056,L057,L060,L065,L073,L074,L077,L078,L082,L091,L095,L102,L104,L106,L109,L110,L111,L113,L115,L126,L127,L128,L129,L134,L140,L143,L149,L150,L153,L154,L155,L156,L158,L159,L160,L169,L175,L178,L179,L182,L186",50,True,relay_cascade,
73,top_100,1,20260708,L001->L009,L001,L009,True,True,109.20304857422,107.84109809082084,1.3619504833991547,1.0000000000000009,"L001,L009,L018,L019,L020,L022,L030,L037,L044,L045,L046,L056,L057,L060,L065,L073,L074,L077,L078,L082,L091,L095,L102,L104,L106,L109,L110,L111,L113,L115,L126,L127,L128,L129,L134,L140,L143,L149,L150,L153,L154,L155,L156,L158,L159,L160,L169,L175,L178,L179,L182,L186",52,73.52165423028224,73.52165423028224,50,"L018,L019,L020,L022,L030,L037,L044,L045,L046,L056,L057,L060,L065,L073,L074,L077,L078,L082,L091,L095,L102,L104,L106,L109,L110,L111,L113,L115,L126,L127,L128,L129,L134,L140,L143,L149,L150,L153,L154,L155,L156,L158,L159,L160,L169,L175,L178,L179,L182,L186",50,True,relay_cascade,
74,top_100,1,20260708,L001->L071,L001,L071,True,True,108.75121659882332,107.3892661154242,1.3619504833991158,1.0000000000000044,"L001,L018,L019,L030,L040,L044,L045,L046,L054,L056,L060,L071,L074,L078,L082,L102,L109,L110,L111,L112,L113,L115,L128,L134,L140,L143,L148,L149,L150,L153,L154,L155,L156,L157,L158,L159,L160,L169,L178,L179,L182",41,62.69327370314364,62.69327370314364,39,"L018,L019,L030,L040,L044,L045,L046,L054,L056,L060,L074,L078,L082,L102,L109,L110,L111,L112,L113,L115,L128,L134,L140,L143,L148,L149,L150,L153,L154,L155,L156,L157,L158,L159,L160,L169,L178,L179,L182",39,True,relay_cascade,
75,top_100,1,20260708,L003->L071,L003,L071,True,True,108.75121659882332,107.3892661154242,1.3619504833991158,1.0000000000000044,"L003,L015,L018,L019,L030,L040,L044,L045,L046,L054,L056,L060,L071,L074,L078,L082,L102,L109,L110,L111,L112,L113,L115,L128,L134,L140,L143,L148,L149,L150,L153,L154,L155,L156,L157,L158,L159,L160,L169,L178,L179,L182",42,62.69365577347352,62.69365577347352,37,"L030,L040,L044,L045,L046,L054,L056,L060,L074,L078,L082,L102,L109,L110,L111,L112,L113,L115,L128,L134,L140,L143,L148,L149,L150,L153,L154,L155,L156,L157,L158,L159,L160,L169,L178,L179,L182",40,True,relay_cascade,
76,top_100,1,20260708,L003->L042,L003,L042,True,True,104.9000648377512,103.53811435435207,1.3619504833991103,1.0000000000000244,"L003,L015,L018,L019,L020,L022,L030,L034,L035,L039,L040,L042,L044,L045,L046,L054,L056,L060,L102,L104,L109,L110,L111,L112,L113,L115,L128,L134,L140,L143,L148,L149,L150,L153,L154,L155,L156,L157,L158,L159,L160,L169,L175,L178,L179,L182",46,64.95336295600192,64.95336295600192,41,"L020,L022,L030,L034,L035,L039,L040,L044,L045,L046,L054,L056,L060,L102,L104,L109,L110,L111,L112,L113,L115,L128,L134,L140,L143,L148,L149,L150,L153,L154,L155,L156,L157,L158,L159,L160,L169,L175,L178,L179,L182",44,True,relay_cascade,
77,top_100,1,20260708,L003->L034,L003,L034,True,True,104.9000648377512,103.53811435435207,1.3619504833991214,1.0000000000000142,"L003,L015,L018,L019,L020,L022,L030,L034,L039,L040,L044,L045,L046,L054,L056,L060,L102,L104,L109,L110,L111,L112,L113,L114,L115,L128,L134,L140,L143,L148,L149,L150,L153,L154,L155,L156,L157,L158,L159,L160,L169,L175,L178,L179,L182,L186",46,63.560043195406536,63.560043195406536,41,"L020,L022,L030,L039,L040,L044,L045,L046,L054,L056,L060,L102,L104,L109,L110,L111,L112,L113,L114,L115,L128,L134,L140,L143,L148,L149,L150,L153,L154,L155,L156,L157,L158,L159,L160,L169,L175,L178,L179,L182,L186",44,True,relay_cascade,
78,top_100,1,20260708,L001->L147,L001,L147,True,True,103.5633324059438,102.2013819225447,1.3619504833991158,1.0000000000000022,"L001,L018,L019,L030,L040,L044,L045,L046,L054,L056,L057,L060,L065,L095,L102,L104,L109,L110,L111,L112,L113,L115,L128,L129,L134,L140,L143,L147,L149,L150,L153,L154,L155,L156,L158,L159,L160,L169,L178,L179,L182",41,17.841018131584953,17.841018131584953,39,"L018,L019,L030,L040,L044,L045,L046,L054,L056,L057,L060,L065,L095,L102,L104,L109,L110,L111,L112,L113,L115,L128,L129,L134,L140,L143,L149,L150,L153,L154,L155,L156,L158,L159,L160,L169,L178,L179,L182",39,True,relay_cascade,
79,top_100,1,20260708,L003->L028,L003,L028,True,True,103.36191982915554,101.99996934575644,1.3619504833991103,1.0000000000000244,"L003,L015,L018,L019,L020,L022,L024,L025,L028,L030,L039,L040,L044,L045,L046,L054,L056,L060,L102,L104,L109,L110,L111,L112,L113,L115,L128,L134,L140,L143,L148,L149,L150,L153,L154,L155,L156,L157,L158,L159,L160,L169,L175,L178,L179,L180,L182",47,63.87977103569786,63.87977103569786,42,"L020,L022,L024,L025,L030,L039,L040,L044,L045,L046,L054,L056,L060,L102,L104,L109,L110,L111,L112,L113,L115,L128,L134,L140,L143,L148,L149,L150,L153,L154,L155,L156,L157,L158,L159,L160,L169,L175,L178,L179,L180,L182",45,True,relay_cascade,
80,top_100,1,20260708,L003->L062,L003,L062,True,True,102.40996556362477,100.92941047572526,1.48055508789951,1.0000000000000016,"L003,L015,L018,L019,L030,L039,L040,L044,L045,L046,L054,L056,L057,L060,L062,L064,L065,L073,L074,L082,L095,L102,L104,L109,L110,L111,L112,L113,L114,L115,L128,L129,L130,L131,L134,L140,L143,L149,L150,L153,L154,L155,L156,L157,L158,L159,L160,L169,L178,L179,L182,L186",52,64.23266080774037,64.23266080774037,47,"L030,L039,L040,L044,L045,L046,L054,L056,L057,L060,L064,L065,L073,L074,L082,L095,L102,L104,L109,L110,L111,L112,L113,L114,L115,L128,L129,L130,L131,L134,L140,L143,L149,L150,L153,L154,L155,L156,L157,L158,L159,L160,L169,L178,L179,L182,L186",50,True,relay_cascade,
81,top_100,1,20260708,L003->L104,L003,L104,True,True,90.67378959478592,89.19323450688638,1.4805550878995375,1.0000000000000142,"L003,L015,L018,L019,L030,L039,L040,L044,L045,L046,L054,L056,L057,L060,L065,L102,L104,L109,L110,L111,L113,L114,L115,L128,L129,L130,L131,L132,L134,L140,L143,L149,L150,L153,L154,L155,L156,L157,L158,L159,L160,L169,L178,L179,L182,L186",46,64.23266080774037,64.23266080774037,41,"L030,L039,L040,L044,L045,L046,L054,L056,L057,L060,L065,L102,L109,L110,L111,L113,L114,L115,L128,L129,L130,L131,L132,L134,L140,L143,L149,L150,L153,L154,L155,L156,L157,L158,L159,L160,L169,L178,L179,L182,L186",44,True,relay_cascade,
82,top_100,1,20260708,L003->L116,L003,L116,True,True,90.02513083915252,88.66318035575341,1.3619504833991103,1.0000000000000009,"L003,L015,L018,L019,L030,L040,L044,L045,L046,L054,L056,L060,L065,L102,L104,L109,L110,L111,L112,L113,L114,L115,L116,L120,L126,L127,L128,L134,L140,L143,L148,L149,L150,L153,L154,L155,L156,L157,L158,L159,L160,L169,L178,L179,L182,L186",46,65.83498774504696,65.83498774504696,41,"L030,L040,L044,L045,L046,L054,L056,L060,L065,L102,L104,L109,L110,L111,L112,L113,L114,L115,L120,L126,L127,L128,L134,L140,L143,L148,L149,L150,L153,L154,L155,L156,L157,L158,L159,L160,L169,L178,L179,L182,L186",44,True,relay_cascade,
83,top_100,1,20260708,L002->L132,L002,L132,True,True,89.1932345068864,89.1932345068864,0.0,1.0000000000000244,"L001,L002,L013,L018,L019,L030,L039,L044,L045,L046,L054,L056,L057,L060,L065,L102,L104,L109,L110,L111,L112,L113,L115,L128,L131,L132,L134,L140,L143,L148,L149,L150,L153,L154,L155,L156,L157,L158,L159,L160,L169,L175,L178,L179,L182",45,1.2622102884763666,1.2622102884763666,1,L131,43,True,relay_cascade,
84,top_100,1,20260708,L002->L131,L002,L131,True,True,89.19323450688638,89.19323450688638,0.0,1.0000000000000244,"L001,L002,L013,L018,L019,L030,L039,L044,L045,L046,L054,L056,L057,L060,L065,L102,L104,L109,L110,L111,L112,L113,L115,L128,L130,L131,L132,L134,L140,L143,L148,L149,L150,L153,L154,L155,L156,L157,L158,L159,L160,L169,L175,L178,L179,L182",46,1.668351472799776,1.668351472799776,2,"L130,L132",44,True,relay_cascade,
85,top_100,1,20260708,L003->L035,L003,L035,True,True,87.77124936946933,86.40929888607022,1.3619504833991103,1.0000000000000244,"L003,L015,L018,L019,L020,L022,L030,L035,L039,L040,L044,L045,L046,L054,L056,L060,L102,L104,L109,L110,L111,L112,L113,L115,L128,L134,L140,L143,L148,L149,L150,L153,L154,L155,L156,L157,L158,L159,L160,L169,L175,L178,L179,L182",44,64.19630982412156,64.19630982412156,39,"L020,L022,L030,L039,L040,L044,L045,L046,L054,L056,L060,L102,L104,L109,L110,L111,L112,L113,L115,L128,L134,L140,L143,L148,L149,L150,L153,L154,L155,L156,L157,L158,L159,L160,L169,L175,L178,L179,L182",42,True,relay_cascade,
86,top_100,1,20260708,L001->L053,L001,L053,True,True,84.74674003965343,79.87431271601943,4.872427323633999,1.0000000000000044,"L001,L018,L019,L030,L040,L044,L045,L046,L053,L054,L055,L057,L058,L060,L062,L064,L065,L073,L074,L077,L078,L082,L091,L093,L094,L095,L102,L104,L106,L109,L110,L111,L112,L113,L114,L115,L128,L134,L140,L143,L148,L149,L150,L151,L153,L154,L155,L156,L157,L158,L159,L160,L169,L178,L179,L182,L186",57,63.093166291465074,63.093166291465074,55,"L018,L019,L030,L040,L044,L045,L046,L054,L055,L057,L058,L060,L062,L064,L065,L073,L074,L077,L078,L082,L091,L093,L094,L095,L102,L104,L106,L109,L110,L111,L112,L113,L114,L115,L128,L134,L140,L143,L148,L149,L150,L151,L153,L154,L155,L156,L157,L158,L159,L160,L169,L178,L179,L182,L186",55,True,relay_cascade,
87,top_100,1,20260708,L003->L002,L003,L002,True,True,84.52791156924992,83.16596108585081,1.3619504833991103,1.0000000000000244,"L001,L002,L003,L012,L013,L014,L015,L018,L019,L020,L022,L030,L039,L044,L045,L046,L054,L056,L057,L060,L065,L102,L104,L109,L110,L111,L112,L113,L115,L128,L134,L140,L143,L148,L149,L150,L153,L154,L155,L156,L157,L158,L159,L160,L169,L175,L178,L179,L182",49,64.18938913724828,64.18938913724828,44,"L001,L012,L013,L014,L020,L022,L030,L039,L044,L045,L046,L054,L056,L057,L060,L065,L102,L104,L109,L110,L111,L112,L113,L115,L128,L134,L140,L143,L148,L149,L150,L153,L154,L155,L156,L157,L158,L159,L160,L169,L175,L178,L179,L182",47,True,relay_cascade,
88,top_100,1,20260708,L001->L051,L001,L051,True,True,83.66575684259648,77.67427480835255,5.991482034243933,1.0000000000000042,"L001,L015,L018,L019,L024,L030,L040,L044,L045,L046,L048,L051,L054,L057,L058,L059,L060,L065,L077,L078,L082,L095,L102,L104,L109,L110,L111,L112,L113,L114,L115,L128,L134,L140,L143,L148,L149,L150,L153,L154,L155,L156,L157,L158,L159,L160,L169,L178,L179,L182",50,59.39579769594047,59.39579769594047,48,"L015,L018,L019,L024,L030,L040,L044,L045,L046,L048,L054,L057,L058,L059,L060,L065,L077,L078,L082,L095,L102,L104,L109,L110,L111,L112,L113,L114,L115,L128,L134,L140,L143,L148,L149,L150,L153,L154,L155,L156,L157,L158,L159,L160,L169,L178,L179,L182",48,True,relay_cascade,
89,top_100,1,20260708,L001->L062,L001,L062,True,True,83.53294798170451,82.17099749830538,1.3619504833991214,1.0000000000000029,"L001,L018,L019,L030,L040,L044,L045,L046,L054,L056,L057,L060,L062,L064,L065,L073,L074,L077,L078,L082,L095,L102,L104,L106,L109,L110,L111,L112,L113,L115,L128,L129,L134,L140,L143,L149,L150,L153,L154,L155,L156,L158,L159,L160,L169,L178,L179,L182",48,64.73691031973772,64.73691031973772,46,"L018,L019,L030,L040,L044,L045,L046,L054,L056,L057,L060,L064,L065,L073,L074,L077,L078,L082,L095,L102,L104,L106,L109,L110,L111,L112,L113,L115,L128,L129,L134,L140,L143,L149,L150,L153,L154,L155,L156,L158,L159,L160,L169,L178,L179,L182",46,True,relay_cascade,
90,top_100,1,20260708,L001->L105,L001,L105,True,True,83.5329479817045,82.17099749830538,1.3619504833991103,1.0000000000000004,"L001,L018,L019,L030,L040,L044,L045,L046,L054,L056,L057,L060,L064,L065,L073,L074,L077,L078,L082,L095,L102,L104,L105,L106,L109,L110,L111,L112,L113,L115,L128,L129,L134,L140,L143,L149,L150,L153,L154,L155,L156,L158,L159,L160,L169,L178,L179,L182",48,64.06406362836636,64.06406362836636,46,"L018,L019,L030,L040,L044,L045,L046,L054,L056,L057,L060,L064,L065,L073,L074,L077,L078,L082,L095,L102,L104,L106,L109,L110,L111,L112,L113,L115,L128,L129,L134,L140,L143,L149,L150,L153,L154,L155,L156,L158,L159,L160,L169,L178,L179,L182",46,True,relay_cascade,
91,top_100,1,20260708,L002->L068,L002,L068,True,True,82.31518105810146,82.31518105810146,0.0,1.0000000000000018,"L001,L002,L013,L018,L019,L030,L039,L044,L045,L046,L054,L056,L057,L060,L062,L065,L068,L102,L104,L109,L110,L111,L112,L113,L115,L128,L134,L140,L143,L148,L149,L150,L153,L154,L155,L156,L157,L158,L159,L160,L169,L175,L178,L179,L182",45,1.410108172818285,1.410108172818285,1,L062,43,True,relay_cascade,
92,top_100,1,20260708,L001->L012,L001,L012,True,True,81.3701597116333,80.0082092282342,1.3619504833991103,1.0000000000000244,"L001,L006,L012,L014,L015,L018,L019,L020,L022,L030,L040,L044,L045,L046,L054,L056,L057,L060,L065,L102,L104,L109,L110,L111,L112,L113,L115,L128,L134,L140,L143,L148,L149,L150,L153,L154,L155,L156,L157,L158,L159,L160,L169,L175,L178,L179,L182",47,64.45422536011998,64.45422536011998,45,"L006,L014,L015,L018,L019,L020,L022,L030,L040,L044,L045,L046,L054,L056,L057,L060,L065,L102,L104,L109,L110,L111,L112,L113,L115,L128,L134,L140,L143,L148,L149,L150,L153,L154,L155,L156,L157,L158,L159,L160,L169,L175,L178,L179,L182",45,True,relay_cascade,
93,top_100,1,20260708,L001->L072,L001,L072,True,True,81.07206990723667,79.71011942383755,1.3619504833991103,1.0000000000000064,"L001,L018,L019,L030,L040,L044,L045,L046,L054,L056,L060,L072,L074,L102,L109,L110,L111,L112,L113,L115,L128,L134,L140,L143,L148,L149,L150,L153,L154,L155,L156,L157,L158,L159,L160,L169,L178,L179,L182",39,63.60512770781878,63.60512770781878,37,"L018,L019,L030,L040,L044,L045,L046,L054,L056,L060,L074,L102,L109,L110,L111,L112,L113,L115,L128,L134,L140,L143,L148,L149,L150,L153,L154,L155,L156,L157,L158,L159,L160,L169,L178,L179,L182",37,True,relay_cascade,
94,top_100,1,20260708,L003->L072,L003,L072,True,True,81.07206990723667,79.71011942383755,1.3619504833991103,1.0000000000000064,"L003,L015,L018,L019,L030,L040,L044,L045,L046,L054,L056,L060,L072,L074,L102,L109,L110,L111,L112,L113,L115,L128,L134,L140,L143,L148,L149,L150,L153,L154,L155,L156,L157,L158,L159,L160,L169,L178,L179,L182",40,63.60558311803038,63.60558311803038,35,"L030,L040,L044,L045,L046,L054,L056,L060,L074,L102,L109,L110,L111,L112,L113,L115,L128,L134,L140,L143,L148,L149,L150,L153,L154,L155,L156,L157,L158,L159,L160,L169,L178,L179,L182",38,True,relay_cascade,
95,top_100,1,20260708,L001->L029,L001,L029,True,True,80.4923476047034,79.13039712130427,1.3619504833991214,1.0000000000000142,"L001,L018,L019,L024,L025,L026,L029,L030,L039,L040,L044,L045,L046,L054,L056,L060,L102,L104,L109,L110,L111,L112,L113,L114,L115,L128,L134,L140,L143,L148,L149,L150,L153,L154,L155,L156,L157,L158,L159,L160,L169,L175,L178,L179,L182,L186",46,62.55656488579016,62.55656488579016,44,"L018,L019,L024,L025,L026,L030,L039,L040,L044,L045,L046,L054,L056,L060,L102,L104,L109,L110,L111,L112,L113,L114,L115,L128,L134,L140,L143,L148,L149,L150,L153,L154,L155,L156,L157,L158,L159,L160,L169,L175,L178,L179,L182,L186",44,True,relay_cascade,
96,top_100,1,20260708,L003->L061,L003,L061,True,True,79.33803124358383,77.97608076018471,1.3619504833991145,1.0000000000000064,"L003,L015,L018,L019,L030,L040,L044,L045,L046,L054,L056,L057,L060,L061,L065,L102,L109,L110,L111,L112,L113,L115,L128,L134,L140,L143,L148,L149,L150,L153,L154,L155,L156,L157,L158,L159,L160,L169,L178,L179,L180,L182",42,63.9952086219287,63.9952086219287,37,"L030,L040,L044,L045,L046,L054,L056,L057,L060,L065,L102,L109,L110,L111,L112,L113,L115,L128,L134,L140,L143,L148,L149,L150,L153,L154,L155,L156,L157,L158,L159,L160,L169,L178,L179,L180,L182",40,True,relay_cascade,
97,top_100,1,20260708,L001->L034,L001,L034,True,True,79.22996424523573,77.86801376183662,1.361950483399113,1.0000000000000244,"L001,L018,L019,L025,L030,L034,L039,L040,L044,L045,L046,L054,L056,L057,L060,L102,L104,L109,L110,L111,L112,L113,L115,L128,L134,L140,L143,L148,L149,L150,L153,L154,L155,L156,L157,L158,L159,L160,L169,L175,L178,L179,L182",43,63.61699567249892,63.61699567249892,41,"L018,L019,L025,L030,L039,L040,L044,L045,L046,L054,L056,L057,L060,L102,L104,L109,L110,L111,L112,L113,L115,L128,L134,L140,L143,L148,L149,L150,L153,L154,L155,L156,L157,L158,L159,L160,L169,L175,L178,L179,L182",41,True,relay_cascade,
98,top_100,1,20260708,L001->L042,L001,L042,True,True,79.22996424523573,77.86801376183662,1.3619504833991158,1.000000000000004,"L001,L018,L019,L030,L034,L035,L039,L040,L042,L044,L045,L046,L054,L056,L057,L060,L102,L104,L109,L110,L111,L112,L113,L114,L115,L128,L134,L140,L143,L148,L149,L150,L153,L154,L155,L156,L157,L158,L159,L160,L169,L175,L178,L179,L182,L186",46,64.73856993495073,64.73856993495073,44,"L018,L019,L030,L034,L035,L039,L040,L044,L045,L046,L054,L056,L057,L060,L102,L104,L109,L110,L111,L112,L113,L114,L115,L128,L134,L140,L143,L148,L149,L150,L153,L154,L155,L156,L157,L158,L159,L160,L169,L175,L178,L179,L182,L186",44,True,relay_cascade,
99,top_100,1,20260708,L001->L038,L001,L038,True,True,79.11865364904943,79.11865364904943,0.0,1.0000000000000075,"L001,L018,L019,L020,L025,L027,L030,L032,L035,L038,L039,L040,L043,L044,L045,L046,L060,L063,L065,L102,L104,L106,L109,L110,L111,L112,L113,L114,L115,L128,L134,L140,L143,L148,L149,L150,L153,L154,L155,L156,L157,L158,L159,L160,L169,L175,L178,L179,L182",49,16.122370013647657,16.122370013647657,47,"L018,L019,L020,L025,L027,L030,L032,L035,L039,L040,L043,L044,L045,L046,L060,L063,L065,L102,L104,L106,L109,L110,L111,L112,L113,L114,L115,L128,L134,L140,L143,L148,L149,L150,L153,L154,L155,L156,L157,L158,L159,L160,L169,L175,L178,L179,L182",47,True,relay_cascade,
100,top_100,1,20260708,L003->L108,L003,L108,True,True,78.84769874979266,77.36714366189312,1.4805550878995375,1.0000000000000244,"L003,L015,L018,L019,L025,L030,L039,L040,L044,L045,L046,L054,L056,L057,L060,L095,L102,L108,L109,L110,L111,L112,L113,L114,L115,L128,L129,L130,L131,L134,L140,L143,L149,L150,L153,L154,L155,L156,L157,L158,L159,L160,L169,L178,L179,L182",46,66.71402739938871,66.71402739938871,41,"L025,L030,L039,L040,L044,L045,L046,L054,L056,L057,L060,L095,L102,L109,L110,L111,L112,L113,L114,L115,L128,L129,L130,L131,L134,L140,L143,L149,L150,L153,L154,L155,L156,L157,L158,L159,L160,L169,L178,L179,L182",44,True,relay_cascade,
