scenario_id,seed,path,first_line,second_line,converged,critical,total_load_shed_mw,island_load_shed_mw,redispatch_load_shed_mw,final_max_loading_ratio,final_outage_labels,num_final_outages,max_event_loading_ratio,max_pre_redispatch_loading_ratio,num_relay_trips,relay_trip_labels,num_passive_outages,has_overload_cascade,critical_mechanism,error,first_step_critical,first_step_total_load_shed_mw,valid_ordered_n2,skip_reason
1,20260708,L104->L051,L104,L051,True,True,36.76716258821504,36.76716258821504,0.0,1.0000000000000058,"L018,L044,L045,L046,L051,L056,L057,L058,L060,L065,L102,L104,L109,L111,L115,L128,L134,L140,L155,L158,L178,L182",22,13.501109429642948,13.501109429642948,20,"L018,L044,L045,L046,L056,L057,L058,L060,L065,L102,L109,L111,L115,L128,L134,L140,L155,L158,L178,L182",20,True,relay_cascade,,False,0.0,True,
1,20260708,L003->L054,L003,L054,True,False,0.0,0.0,0.0,0.9999999999999994,"L003,L018,L019,L030,L044,L045,L054,L065,L102,L104,L109,L111,L115,L128,L134,L140,L155,L156,L158,L178,L179,L182",22,15.351100995454946,15.351100995454946,20,"L018,L019,L030,L044,L045,L065,L102,L104,L109,L111,L115,L128,L134,L140,L155,L156,L158,L178,L179,L182",20,True,non_critical,,False,0.0,True,
1,20260708,L021->L054,L021,L054,True,False,0.0,0.0,0.0,1.0000000000000062,"L018,L019,L021,L026,L030,L045,L046,L054,L065,L102,L104,L109,L111,L115,L128,L134,L140,L155,L156,L158,L178,L179,L182",23,15.594516001328296,15.594516001328296,20,"L019,L026,L030,L045,L046,L065,L102,L104,L109,L111,L115,L128,L134,L140,L155,L156,L158,L178,L179,L182",21,True,non_critical,,False,0.0,True,
1,20260708,L097->L051,L097,L051,True,False,0.0,0.0,0.0,1.0000000000000124,"L018,L030,L044,L045,L046,L051,L057,L060,L065,L097,L102,L104,L109,L111,L115,L128,L134,L140,L155,L156,L158,L178,L182,L186",24,16.878593193483933,16.878593193483933,20,"L018,L030,L044,L045,L046,L057,L065,L104,L109,L111,L115,L128,L134,L140,L155,L156,L158,L178,L182,L186",22,True,non_critical,,False,0.0,True,
1,20260708,L104->L054,L104,L054,True,False,0.0,0.0,0.0,1.0000000000000089,"L018,L030,L044,L045,L054,L060,L065,L102,L104,L109,L111,L115,L128,L134,L140,L155,L156,L158,L178,L179,L182,L186",22,15.351100995454962,15.351100995454962,20,"L018,L030,L044,L045,L060,L065,L102,L109,L111,L115,L128,L134,L140,L155,L156,L158,L178,L179,L182,L186",20,True,non_critical,,False,0.0,True,
1,20260708,L062->L051,L062,L051,True,True,36.76716258821504,36.76716258821504,0.0,1.0000000000000044,"L018,L044,L045,L046,L051,L056,L057,L058,L060,L062,L102,L104,L109,L111,L115,L128,L134,L140,L155,L178,L182",21,13.5661547737302,13.5661547737302,19,"L018,L044,L045,L046,L056,L057,L058,L060,L102,L104,L109,L111,L115,L128,L134,L140,L155,L178,L182",19,True,relay_cascade,,False,0.0,True,
1,20260708,L084->L051,L084,L051,True,True,36.76716258821504,36.76716258821504,0.0,1.0000000000000002,"L018,L044,L045,L046,L051,L056,L057,L058,L060,L077,L078,L084,L102,L115,L128,L134,L140,L155,L158,L178,L182",21,13.537679367573723,13.537679367573723,19,"L018,L044,L045,L046,L056,L057,L058,L060,L077,L078,L102,L115,L128,L134,L140,L155,L158,L178,L182",19,True,relay_cascade,,False,0.0,True,
1,20260708,L150->L051,L150,L051,True,True,36.76716258821504,36.76716258821504,0.0,1.0,"L018,L044,L045,L046,L051,L056,L057,L058,L060,L102,L111,L115,L128,L134,L140,L150,L155,L156,L158,L178,L182",21,12.081852105820763,12.081852105820763,19,"L018,L044,L045,L046,L056,L057,L058,L060,L102,L111,L115,L128,L134,L140,L155,L156,L158,L178,L182",19,True,relay_cascade,,False,0.0,True,
1,20260708,L012->L036,L012,L036,True,True,22.50545676159403,22.50545676159403,0.0,1.0,"L001,L012,L014,L015,L018,L019,L020,L036,L044,L045,L048,L060,L102,L111,L115,L128,L134,L140,L155,L158,L178,L182",22,14.246338686096744,14.246338686096744,19,"L001,L014,L015,L019,L020,L044,L045,L048,L060,L102,L111,L115,L128,L134,L140,L155,L158,L178,L182",20,True,relay_cascade,,False,0.0,True,
1,20260708,L006->L054,L006,L054,True,False,0.0,0.0,0.0,0.9999999999999996,"L006,L018,L030,L044,L045,L054,L065,L102,L104,L109,L111,L115,L128,L134,L140,L155,L156,L158,L178,L179,L182",21,15.351100995454946,15.351100995454946,19,"L018,L030,L044,L045,L065,L102,L104,L109,L111,L115,L128,L134,L140,L155,L156,L158,L178,L179,L182",19,True,non_critical,,False,0.0,True,
1,20260708,L010->L054,L010,L054,True,False,0.0,0.0,0.0,1.0,"L010,L018,L030,L044,L045,L054,L065,L102,L104,L109,L111,L115,L128,L134,L140,L155,L156,L158,L178,L179,L182",21,15.351100995454946,15.351100995454946,19,"L018,L030,L044,L045,L065,L102,L104,L109,L111,L115,L128,L134,L140,L155,L156,L158,L178,L179,L182",19,True,non_critical,,False,0.0,True,
1,20260708,L015->L054,L015,L054,True,False,0.0,0.0,0.0,1.0,"L015,L018,L030,L044,L045,L054,L065,L102,L104,L109,L111,L115,L128,L134,L140,L155,L156,L158,L178,L179,L182",21,15.351100995454962,15.351100995454962,19,"L018,L030,L044,L045,L065,L102,L104,L109,L111,L115,L128,L134,L140,L155,L156,L158,L178,L179,L182",19,True,non_critical,,False,0.0,True,
1,20260708,L023->L054,L023,L054,True,False,0.0,0.0,0.0,1.0000000000000004,"L018,L023,L025,L026,L030,L044,L045,L054,L104,L109,L111,L115,L128,L134,L140,L155,L156,L158,L178,L179,L182",21,15.351100995454978,15.351100995454978,19,"L018,L025,L026,L030,L044,L045,L104,L109,L111,L115,L128,L134,L140,L155,L156,L158,L178,L179,L182",19,True,non_critical,,False,0.0,True,
1,20260708,L070->L054,L070,L054,True,False,0.0,0.0,0.0,1.0000000000000058,"L018,L030,L044,L045,L054,L065,L070,L102,L104,L109,L111,L115,L128,L134,L140,L155,L156,L158,L178,L179,L182",21,15.351100995454946,15.351100995454946,19,"L018,L030,L044,L045,L065,L102,L104,L109,L111,L115,L128,L134,L140,L155,L156,L158,L178,L179,L182",19,True,non_critical,,False,0.0,True,
1,20260708,L072->L054,L072,L054,True,False,0.0,0.0,0.0,1.0000000000000089,"L018,L030,L044,L045,L054,L065,L072,L102,L104,L109,L111,L115,L128,L134,L140,L155,L156,L158,L178,L179,L182",21,15.351100995454962,15.351100995454962,19,"L018,L030,L044,L045,L065,L102,L104,L109,L111,L115,L128,L134,L140,L155,L156,L158,L178,L179,L182",19,True,non_critical,,False,0.0,True,
1,20260708,L073->L054,L073,L054,True,False,0.0,0.0,0.0,1.0000000000000089,"L018,L030,L044,L045,L054,L065,L073,L102,L104,L109,L111,L115,L128,L134,L140,L155,L156,L158,L178,L179,L182",21,15.351100995454962,15.351100995454962,19,"L018,L030,L044,L045,L065,L102,L104,L109,L111,L115,L128,L134,L140,L155,L156,L158,L178,L179,L182",19,True,non_critical,,False,0.0,True,
1,20260708,L074->L054,L074,L054,True,False,0.0,0.0,0.0,1.0000000000000115,"L018,L030,L044,L045,L054,L065,L074,L102,L104,L109,L111,L115,L128,L134,L140,L155,L156,L158,L178,L179,L182",21,15.351100995454996,15.351100995454996,19,"L018,L030,L044,L045,L065,L102,L104,L109,L111,L115,L128,L134,L140,L155,L156,L158,L178,L179,L182",19,True,non_critical,,False,0.0,True,
1,20260708,L091->L054,L091,L054,True,False,0.0,0.0,0.0,1.0000000000000089,"L018,L030,L044,L045,L054,L065,L091,L102,L104,L109,L111,L115,L128,L134,L140,L155,L156,L158,L178,L179,L182",21,15.351100995454962,15.351100995454962,19,"L018,L030,L044,L045,L065,L102,L104,L109,L111,L115,L128,L134,L140,L155,L156,L158,L178,L179,L182",19,True,non_critical,,False,0.0,True,
1,20260708,L105->L054,L105,L054,True,False,0.0,0.0,0.0,1.0,"L018,L030,L044,L045,L054,L102,L105,L109,L110,L111,L112,L115,L128,L134,L140,L155,L156,L158,L178,L179,L182",21,17.168737109837444,17.168737109837444,19,"L018,L030,L044,L045,L102,L109,L110,L111,L112,L115,L128,L134,L140,L155,L156,L158,L178,L179,L182",19,True,non_critical,,False,0.0,True,
1,20260708,L122->L054,L122,L054,True,False,0.0,0.0,0.0,1.000000000000008,"L018,L030,L044,L045,L054,L065,L102,L104,L109,L111,L115,L122,L128,L134,L140,L155,L156,L158,L178,L179,L182",21,15.351100995454946,15.351100995454946,19,"L018,L030,L044,L045,L065,L102,L104,L109,L111,L115,L128,L134,L140,L155,L156,L158,L178,L179,L182",19,True,non_critical,,False,0.0,True,
1,20260708,L169->L054,L169,L054,True,False,0.0,0.0,0.0,1.0000000000000064,"L018,L030,L044,L045,L054,L065,L102,L104,L109,L111,L115,L128,L134,L140,L155,L156,L158,L169,L178,L179,L182",21,15.351100995454946,15.351100995454946,19,"L018,L030,L044,L045,L065,L102,L104,L109,L111,L115,L128,L134,L140,L155,L156,L158,L178,L179,L182",19,True,non_critical,,False,0.0,True,
1,20260708,L185->L054,L185,L054,True,False,0.0,0.0,0.0,1.0000000000000064,"L018,L030,L044,L045,L054,L065,L102,L104,L109,L111,L115,L128,L134,L140,L155,L156,L158,L178,L179,L182,L185",21,15.351100995454978,15.351100995454978,19,"L018,L030,L044,L045,L065,L102,L104,L109,L111,L115,L128,L134,L140,L155,L156,L158,L178,L179,L182",19,True,non_critical,,False,0.0,True,
1,20260708,L001->L051,L001,L051,True,True,36.76716258821504,36.76716258821504,0.0,1.0,"L001,L018,L044,L045,L046,L051,L056,L057,L058,L060,L102,L111,L115,L128,L134,L140,L155,L158,L178,L182",20,13.532551870723871,13.532551870723871,18,"L018,L044,L045,L046,L056,L057,L058,L060,L102,L111,L115,L128,L134,L140,L155,L158,L178,L182",18,True,relay_cascade,,False,0.0,True,
1,20260708,L002->L051,L002,L051,True,True,36.76716258821504,36.76716258821504,0.0,1.0,"L002,L018,L044,L045,L046,L051,L056,L057,L058,L060,L102,L111,L115,L128,L134,L140,L155,L158,L178,L182",20,13.532561280733614,13.532561280733614,18,"L018,L044,L045,L046,L056,L057,L058,L060,L102,L111,L115,L128,L134,L140,L155,L158,L178,L182",18,True,relay_cascade,,False,0.0,True,
1,20260708,L005->L051,L005,L051,True,True,36.76716258821504,36.76716258821504,0.0,1.0,"L005,L018,L044,L045,L046,L051,L056,L057,L058,L060,L102,L111,L115,L128,L134,L140,L155,L158,L178,L182",20,13.532718960224209,13.532718960224209,18,"L018,L044,L045,L046,L056,L057,L058,L060,L102,L111,L115,L128,L134,L140,L155,L158,L178,L182",18,True,relay_cascade,,False,0.0,True,
1,20260708,L011->L051,L011,L051,True,True,36.76716258821504,36.76716258821504,0.0,1.0,"L011,L018,L044,L045,L046,L051,L056,L057,L058,L060,L102,L111,L115,L128,L134,L140,L155,L158,L178,L182",20,13.532699589378309,13.532699589378309,18,"L018,L044,L045,L046,L056,L057,L058,L060,L102,L111,L115,L128,L134,L140,L155,L158,L178,L182",18,True,relay_cascade,,False,0.0,True,
1,20260708,L012->L051,L012,L051,True,True,36.76716258821504,36.76716258821504,0.0,1.0,"L012,L018,L019,L044,L045,L046,L051,L056,L057,L058,L060,L102,L111,L115,L128,L134,L140,L155,L158,L178,L182",21,13.5323823896905,13.5323823896905,18,"L019,L044,L045,L046,L056,L057,L058,L060,L102,L111,L115,L128,L134,L140,L155,L158,L178,L182",19,True,relay_cascade,,False,0.0,True,
1,20260708,L014->L051,L014,L051,True,True,36.76716258821504,36.76716258821504,0.0,1.0,"L014,L018,L044,L045,L046,L051,L056,L057,L058,L060,L102,L111,L115,L128,L134,L140,L155,L158,L178,L182",20,13.535375007876793,13.535375007876793,18,"L018,L044,L045,L046,L056,L057,L058,L060,L102,L111,L115,L128,L134,L140,L155,L158,L178,L182",18,True,relay_cascade,,False,0.0,True,
1,20260708,L077->L051,L077,L051,True,True,36.76716258821504,36.76716258821504,0.0,1.000000000000005,"L018,L044,L045,L046,L051,L056,L057,L058,L060,L077,L102,L111,L115,L128,L134,L140,L155,L158,L178,L182",20,13.535399031037551,13.535399031037551,18,"L018,L044,L045,L046,L056,L057,L058,L060,L102,L111,L115,L128,L134,L140,L155,L158,L178,L182",18,True,relay_cascade,,False,0.0,True,
1,20260708,L109->L051,L109,L051,True,True,36.76716258821504,36.76716258821504,0.0,1.000000000000003,"L018,L044,L045,L046,L051,L056,L057,L058,L060,L102,L109,L111,L115,L128,L134,L140,L155,L158,L178,L182",20,13.567877639541589,13.567877639541589,18,"L018,L044,L045,L046,L056,L057,L058,L060,L102,L111,L115,L128,L134,L140,L155,L158,L178,L182",18,True,relay_cascade,,False,0.0,True,
1,20260708,L112->L051,L112,L051,True,True,36.76716258821504,36.76716258821504,0.0,1.0,"L018,L044,L045,L046,L051,L056,L057,L058,L060,L102,L111,L112,L115,L128,L134,L140,L155,L158,L178,L182",20,13.55095221616473,13.55095221616473,18,"L018,L044,L045,L046,L056,L057,L058,L060,L102,L111,L115,L128,L134,L140,L155,L158,L178,L182",18,True,relay_cascade,,False,0.0,True,
1,20260708,L164->L051,L164,L051,True,True,36.76716258821504,36.76716258821504,0.0,1.0,"L018,L044,L045,L046,L051,L056,L057,L058,L060,L102,L111,L115,L128,L134,L140,L155,L158,L164,L178,L182",20,13.535383270484513,13.535383270484513,18,"L018,L044,L045,L046,L056,L057,L058,L060,L102,L111,L115,L128,L134,L140,L155,L158,L178,L182",18,True,relay_cascade,,False,0.0,True,
1,20260708,L054->L008,L054,L008,True,True,22.50545676159403,22.50545676159403,0.0,1.0,"L008,L018,L019,L020,L030,L044,L045,L048,L054,L060,L102,L109,L111,L115,L128,L134,L140,L155,L158,L178,L182",21,12.919879471724196,12.919879471724196,18,"L018,L019,L020,L030,L044,L048,L060,L102,L109,L111,L115,L128,L134,L140,L155,L158,L178,L182",19,True,relay_cascade,,False,0.0,True,
1,20260708,L017->L054,L017,L054,True,False,0.0,0.0,0.0,1.0000000000000089,"L017,L018,L030,L044,L045,L046,L054,L104,L109,L111,L115,L128,L134,L140,L155,L156,L158,L178,L179,L182",20,15.351100995454962,15.351100995454962,18,"L018,L030,L044,L045,L046,L104,L109,L111,L115,L128,L134,L140,L155,L156,L158,L178,L179,L182",18,True,non_critical,,False,0.0,True,
1,20260708,L017->L106,L017,L106,True,False,0.0,0.0,0.0,1.0000000000000064,"L017,L045,L046,L060,L063,L064,L065,L102,L104,L106,L109,L111,L115,L128,L134,L140,L155,L178,L179,L182",20,13.230589851603815,13.230589851603815,18,"L045,L046,L060,L063,L064,L065,L102,L104,L109,L111,L115,L128,L134,L140,L155,L178,L179,L182",18,True,non_critical,,False,0.0,True,
1,20260708,L018->L054,L018,L054,True,False,0.0,0.0,0.0,1.0000000000000089,"L018,L019,L030,L044,L045,L046,L054,L104,L109,L111,L115,L128,L134,L140,L155,L156,L158,L178,L179,L182",20,15.351100995454962,15.351100995454962,18,"L019,L030,L044,L045,L046,L104,L109,L111,L115,L128,L134,L140,L155,L156,L158,L178,L179,L182",18,True,non_critical,,False,0.0,True,
1,20260708,L019->L054,L019,L054,True,False,0.0,0.0,0.0,1.0000000000000089,"L018,L019,L030,L044,L045,L046,L054,L104,L109,L111,L115,L128,L134,L140,L155,L156,L158,L178,L179,L182",20,15.351100995454978,15.351100995454978,18,"L018,L030,L044,L045,L046,L104,L109,L111,L115,L128,L134,L140,L155,L156,L158,L178,L179,L182",18,True,non_critical,,False,0.0,True,
1,20260708,L019->L106,L019,L106,True,False,0.0,0.0,0.0,1.0000000000000064,"L019,L045,L046,L060,L063,L064,L065,L102,L104,L106,L109,L111,L115,L128,L134,L140,L155,L178,L179,L182",20,13.230589851603815,13.230589851603815,18,"L045,L046,L060,L063,L064,L065,L102,L104,L109,L111,L115,L128,L134,L140,L155,L178,L179,L182",18,True,non_critical,,False,0.0,True,
1,20260708,L058->L054,L058,L054,True,False,0.0,0.0,0.0,1.0,"L018,L030,L044,L045,L046,L054,L058,L104,L109,L111,L115,L128,L134,L140,L155,L156,L158,L178,L179,L182",20,15.351100995454962,15.351100995454962,18,"L018,L030,L044,L045,L046,L104,L109,L111,L115,L128,L134,L140,L155,L156,L158,L178,L179,L182",18,True,non_critical,,False,0.0,True,
1,20260708,L063->L054,L063,L054,True,False,0.0,0.0,0.0,1.0,"L018,L030,L044,L045,L054,L063,L109,L110,L111,L112,L115,L128,L134,L140,L155,L156,L158,L178,L179,L182",20,17.203627211171217,17.203627211171217,18,"L018,L030,L044,L045,L109,L110,L111,L112,L115,L128,L134,L140,L155,L156,L158,L178,L179,L182",18,True,non_critical,,False,0.0,True,
1,20260708,L066->L054,L066,L054,True,False,0.0,0.0,0.0,1.0000000000000089,"L018,L030,L044,L045,L046,L054,L066,L104,L109,L111,L115,L128,L134,L140,L155,L156,L158,L178,L179,L182",20,15.351100995454962,15.351100995454962,18,"L018,L030,L044,L045,L046,L104,L109,L111,L115,L128,L134,L140,L155,L156,L158,L178,L179,L182",18,True,non_critical,,False,0.0,True,
1,20260708,L067->L054,L067,L054,True,False,0.0,0.0,0.0,1.0000000000000089,"L018,L030,L044,L045,L046,L054,L067,L104,L109,L111,L115,L128,L134,L140,L155,L156,L158,L178,L179,L182",20,15.351100995454962,15.351100995454962,18,"L018,L030,L044,L045,L046,L104,L109,L111,L115,L128,L134,L140,L155,L156,L158,L178,L179,L182",18,True,non_critical,,False,0.0,True,
1,20260708,L085->L106,L085,L106,True,False,0.0,0.0,0.0,1.0000000000000064,"L045,L046,L060,L063,L064,L065,L085,L102,L104,L106,L109,L111,L115,L128,L134,L140,L155,L178,L179,L182",20,13.2305898516038,13.2305898516038,18,"L045,L046,L060,L063,L064,L065,L102,L104,L109,L111,L115,L128,L134,L140,L155,L178,L179,L182",18,True,non_critical,,False,0.0,True,
1,20260708,L086->L106,L086,L106,True,False,0.0,0.0,0.0,1.0000000000000064,"L045,L046,L060,L063,L064,L065,L086,L102,L104,L106,L109,L111,L115,L128,L134,L140,L155,L178,L179,L182",20,13.2305898516038,13.2305898516038,18,"L045,L046,L060,L063,L064,L065,L102,L104,L109,L111,L115,L128,L134,L140,L155,L178,L179,L182",18,True,non_critical,,False,0.0,True,
1,20260708,L095->L106,L095,L106,True,False,0.0,0.0,0.0,1.0000000000000064,"L045,L046,L060,L063,L064,L065,L095,L102,L104,L106,L109,L111,L115,L128,L134,L140,L155,L178,L179,L182",20,13.230589851603783,13.230589851603783,18,"L045,L046,L060,L063,L064,L065,L102,L104,L109,L111,L115,L128,L134,L140,L155,L178,L179,L182",18,True,non_critical,,False,0.0,True,
1,20260708,L101->L106,L101,L106,True,False,0.0,0.0,0.0,1.0000000000000064,"L045,L046,L060,L063,L064,L065,L101,L102,L104,L106,L109,L111,L115,L128,L134,L140,L155,L178,L179,L182",20,13.230589851603792,13.230589851603792,18,"L045,L046,L060,L063,L064,L065,L102,L104,L109,L111,L115,L128,L134,L140,L155,L178,L179,L182",18,True,non_critical,,False,0.0,True,
1,20260708,L103->L106,L103,L106,True,False,0.0,0.0,0.0,1.0000000000000064,"L045,L046,L060,L063,L064,L065,L102,L103,L104,L106,L109,L111,L115,L128,L134,L140,L155,L178,L179,L182",20,13.2305898516038,13.2305898516038,18,"L045,L046,L060,L063,L064,L065,L102,L104,L109,L111,L115,L128,L134,L140,L155,L178,L179,L182",18,True,non_critical,,False,0.0,True,
1,20260708,L114->L054,L114,L054,True,False,0.0,0.0,0.0,1.0000000000000016,"L018,L030,L044,L045,L054,L065,L102,L104,L109,L111,L114,L115,L128,L134,L140,L155,L156,L158,L178,L179,L182",21,15.351100995454996,15.351100995454996,18,"L018,L030,L044,L045,L065,L102,L104,L109,L111,L128,L134,L140,L155,L156,L158,L178,L179,L182",19,True,non_critical,,False,0.0,True,
1,20260708,L116->L054,L116,L054,True,False,0.0,0.0,0.0,1.0,"L018,L030,L044,L045,L046,L054,L104,L109,L110,L111,L112,L115,L116,L128,L134,L140,L155,L156,L158,L178,L179,L182",22,15.833498661110635,15.833498661110635,18,"L018,L030,L044,L045,L046,L104,L109,L110,L111,L112,L134,L140,L155,L156,L158,L178,L179,L182",20,True,non_critical,,False,0.0,True,
1,20260708,L124->L054,L124,L054,True,False,0.0,0.0,0.0,1.0000000000000064,"L018,L030,L044,L045,L054,L065,L102,L104,L109,L111,L115,L124,L128,L134,L140,L155,L156,L158,L178,L179,L182",21,15.351100995454946,15.351100995454946,18,"L018,L030,L044,L045,L065,L102,L104,L109,L111,L115,L134,L140,L155,L156,L158,L178,L179,L182",19,True,non_critical,,False,0.0,True,
1,20260708,L143->L054,L143,L054,True,False,0.0,0.0,0.0,1.0000000000000058,"L018,L030,L044,L045,L046,L054,L104,L109,L111,L115,L128,L134,L140,L143,L155,L156,L158,L178,L179,L182",20,16.468984725797938,16.468984725797938,18,"L018,L030,L044,L045,L046,L104,L109,L111,L115,L128,L134,L140,L155,L156,L158,L178,L179,L182",18,True,non_critical,,False,0.0,True,
1,20260708,L144->L106,L144,L106,True,False,0.0,0.0,0.0,1.0000000000000002,"L045,L046,L060,L063,L064,L065,L102,L104,L106,L109,L111,L115,L128,L134,L140,L144,L155,L158,L178,L179,L182",21,2.84225886978876,2.84225886978876,18,"L045,L046,L060,L063,L064,L065,L102,L104,L109,L111,L115,L128,L134,L140,L158,L178,L179,L182",19,True,non_critical,,False,0.0,True,
1,20260708,L145->L106,L145,L106,True,False,0.0,0.0,0.0,1.0000000000000002,"L045,L046,L060,L063,L064,L065,L102,L104,L106,L109,L111,L115,L128,L134,L140,L145,L155,L158,L178,L179,L182",21,3.0292168093890264,3.0292168093890264,18,"L045,L046,L060,L063,L064,L065,L102,L104,L109,L111,L115,L128,L134,L140,L158,L178,L179,L182",19,True,non_critical,,False,0.0,True,
1,20260708,L146->L106,L146,L106,True,False,0.0,0.0,0.0,1.0000000000000002,"L045,L046,L060,L063,L064,L065,L102,L104,L106,L109,L111,L115,L128,L134,L140,L146,L155,L158,L178,L179,L182",21,2.849058212339266,2.849058212339266,18,"L045,L046,L060,L063,L064,L065,L102,L104,L109,L111,L115,L128,L134,L140,L158,L178,L179,L182",19,True,non_critical,,False,0.0,True,
1,20260708,L171->L054,L171,L054,True,False,0.0,0.0,0.0,1.0000000000000089,"L018,L030,L044,L045,L046,L054,L104,L109,L111,L115,L128,L134,L140,L155,L156,L158,L171,L178,L179,L182",20,15.351100995454962,15.351100995454962,18,"L018,L030,L044,L045,L046,L104,L109,L111,L115,L128,L134,L140,L155,L156,L158,L178,L179,L182",18,True,non_critical,,False,0.0,True,
1,20260708,L172->L054,L172,L054,True,False,0.0,0.0,0.0,1.000000000000001,"L018,L030,L044,L045,L046,L054,L104,L109,L111,L115,L128,L134,L140,L155,L156,L158,L172,L178,L179,L182",20,15.351100995455006,15.351100995455006,18,"L018,L030,L044,L045,L046,L104,L109,L111,L115,L128,L134,L140,L155,L156,L158,L178,L179,L182",18,True,non_critical,,False,0.0,True,
1,20260708,L173->L054,L173,L054,True,False,0.0,0.0,0.0,1.000000000000007,"L018,L030,L044,L045,L046,L054,L104,L109,L111,L115,L128,L134,L140,L155,L156,L158,L173,L178,L179,L182",20,15.351100995454962,15.351100995454962,18,"L018,L030,L044,L045,L046,L104,L109,L111,L115,L128,L134,L140,L155,L156,L158,L178,L179,L182",18,True,non_critical,,False,0.0,True,
1,20260708,L179->L032,L179,L032,True,False,0.0,0.0,0.0,1.0000000000000102,"L018,L019,L025,L026,L032,L039,L045,L060,L102,L109,L111,L115,L128,L134,L140,L155,L158,L178,L179,L182",20,14.671981282674013,14.671981282674013,18,"L018,L019,L025,L026,L039,L045,L060,L102,L109,L111,L115,L128,L134,L140,L155,L158,L178,L182",18,True,non_critical,,False,0.0,True,
1,20260708,L186->L054,L186,L054,True,False,0.0,0.0,0.0,1.0000000000000062,"L018,L030,L044,L045,L054,L065,L102,L104,L109,L111,L115,L128,L134,L140,L155,L156,L158,L178,L182,L186",20,15.351100995454962,15.351100995454962,18,"L018,L030,L044,L045,L065,L102,L104,L109,L111,L115,L128,L134,L140,L155,L156,L158,L178,L182",18,True,non_critical,,False,0.0,True,
1,20260708,L003->L051,L003,L051,True,True,36.76716258821504,36.76716258821504,0.0,1.0000000000000009,"L003,L018,L044,L045,L046,L051,L056,L057,L058,L060,L102,L115,L128,L134,L140,L155,L158,L178,L182",19,13.531330301860551,13.531330301860551,17,"L018,L044,L045,L046,L056,L057,L058,L060,L102,L115,L128,L134,L140,L155,L158,L178,L182",17,True,relay_cascade,,False,0.0,True,
1,20260708,L004->L051,L004,L051,True,True,36.76716258821504,36.76716258821504,0.0,1.0000000000000004,"L004,L018,L044,L045,L046,L051,L056,L057,L058,L060,L102,L115,L128,L134,L140,L155,L158,L178,L182",19,13.531337429266053,13.531337429266053,17,"L018,L044,L045,L046,L056,L057,L058,L060,L102,L115,L128,L134,L140,L155,L158,L178,L182",17,True,relay_cascade,,False,0.0,True,
1,20260708,L006->L051,L006,L051,True,True,36.76716258821504,36.76716258821504,0.0,1.0000000000000009,"L006,L018,L044,L045,L046,L051,L056,L057,L058,L060,L102,L115,L128,L134,L140,L155,L158,L178,L182",19,13.53133284643286,13.53133284643286,17,"L018,L044,L045,L046,L056,L057,L058,L060,L102,L115,L128,L134,L140,L155,L158,L178,L182",17,True,relay_cascade,,False,0.0,True,
1,20260708,L010->L051,L010,L051,True,True,36.76716258821504,36.76716258821504,0.0,1.0000000000000009,"L010,L018,L044,L045,L046,L051,L056,L057,L058,L060,L102,L115,L128,L134,L140,L155,L158,L178,L182",19,13.531329441270996,13.531329441270996,17,"L018,L044,L045,L046,L056,L057,L058,L060,L102,L115,L128,L134,L140,L155,L158,L178,L182",17,True,relay_cascade,,False,0.0,True,
1,20260708,L013->L051,L013,L051,True,True,36.76716258821504,36.76716258821504,0.0,1.0000000000000002,"L013,L018,L044,L045,L046,L051,L056,L057,L058,L060,L102,L115,L128,L134,L140,L155,L158,L178,L182",19,13.531094747141974,13.531094747141974,17,"L018,L044,L045,L046,L056,L057,L058,L060,L102,L115,L128,L134,L140,L155,L158,L178,L182",17,True,relay_cascade,,False,0.0,True,
1,20260708,L015->L051,L015,L051,True,True,36.76716258821504,36.76716258821504,0.0,1.0000000000000002,"L015,L018,L044,L045,L046,L051,L056,L057,L058,L060,L102,L115,L128,L134,L140,L155,L158,L178,L182",19,13.531239555203612,13.531239555203612,17,"L018,L044,L045,L046,L056,L057,L058,L060,L102,L115,L128,L134,L140,L155,L158,L178,L182",17,True,relay_cascade,,False,0.0,True,
1,20260708,L017->L051,L017,L051,True,True,36.76716258821504,36.76716258821504,0.0,1.000000000000001,"L017,L018,L044,L045,L046,L051,L056,L057,L058,L060,L102,L115,L128,L134,L140,L155,L158,L178,L182",19,13.531250066069774,13.531250066069774,17,"L018,L044,L045,L046,L056,L057,L058,L060,L102,L115,L128,L134,L140,L155,L158,L178,L182",17,True,relay_cascade,,False,0.0,True,
1,20260708,L018->L051,L018,L051,True,True,36.76716258821504,36.76716258821504,0.0,1.0,"L018,L019,L044,L045,L046,L051,L056,L057,L058,L060,L102,L115,L128,L134,L140,L155,L158,L178,L182",19,13.530840395452358,13.530840395452358,17,"L019,L044,L045,L046,L056,L057,L058,L060,L102,L115,L128,L134,L140,L155,L158,L178,L182",17,True,relay_cascade,,False,0.0,True,
1,20260708,L019->L051,L019,L051,True,True,36.76716258821504,36.76716258821504,0.0,1.0,"L018,L019,L044,L045,L046,L051,L056,L057,L058,L060,L102,L115,L128,L134,L140,L155,L158,L178,L182",19,13.53084039545235,13.53084039545235,17,"L018,L044,L045,L046,L056,L057,L058,L060,L102,L115,L128,L134,L140,L155,L158,L178,L182",17,True,relay_cascade,,False,0.0,True,
1,20260708,L020->L051,L020,L051,True,True,36.76716258821504,36.76716258821504,0.0,1.0000000000000009,"L018,L020,L044,L045,L046,L051,L056,L057,L058,L060,L102,L115,L128,L134,L140,L155,L158,L178,L182",19,13.531183072731253,13.531183072731253,17,"L018,L044,L045,L046,L056,L057,L058,L060,L102,L115,L128,L134,L140,L155,L158,L178,L182",17,True,relay_cascade,,False,0.0,True,
1,20260708,L021->L051,L021,L051,True,True,36.76716258821504,36.76716258821504,0.0,1.0,"L018,L019,L021,L026,L045,L046,L051,L056,L057,L058,L060,L102,L111,L115,L128,L134,L140,L155,L178,L182",20,13.202613872792911,13.202613872792911,17,"L019,L026,L045,L046,L056,L057,L058,L060,L102,L111,L115,L128,L134,L140,L155,L178,L182",18,True,relay_cascade,,False,0.0,True,
1,20260708,L022->L051,L022,L051,True,True,36.76716258821504,36.76716258821504,0.0,1.0000000000000009,"L018,L022,L044,L045,L046,L051,L056,L057,L058,L060,L102,L115,L128,L134,L140,L155,L158,L178,L182",19,13.530665176539731,13.530665176539731,17,"L018,L044,L045,L046,L056,L057,L058,L060,L102,L115,L128,L134,L140,L155,L158,L178,L182",17,True,relay_cascade,,False,0.0,True,
1,20260708,L024->L051,L024,L051,True,True,36.76716258821504,36.76716258821504,0.0,1.0000000000000009,"L018,L024,L044,L045,L046,L051,L056,L057,L058,L060,L102,L115,L128,L134,L140,L155,L158,L178,L182",19,13.53141669908663,13.53141669908663,17,"L018,L044,L045,L046,L056,L057,L058,L060,L102,L115,L128,L134,L140,L155,L158,L178,L182",17,True,relay_cascade,,False,0.0,True,
1,20260708,L025->L051,L025,L051,True,True,36.76716258821504,36.76716258821504,0.0,1.0,"L018,L025,L044,L045,L046,L051,L056,L057,L058,L060,L102,L115,L128,L134,L140,L155,L158,L178,L182",19,13.528020905963537,13.528020905963537,17,"L018,L044,L045,L046,L056,L057,L058,L060,L102,L115,L128,L134,L140,L155,L158,L178,L182",17,True,relay_cascade,,False,0.0,True,
1,20260708,L026->L051,L026,L051,True,True,36.76716258821504,36.76716258821504,0.0,1.0,"L018,L026,L044,L045,L046,L051,L056,L057,L058,L060,L102,L115,L128,L134,L140,L155,L158,L178,L182",19,13.531113093917456,13.531113093917456,17,"L018,L044,L045,L046,L056,L057,L058,L060,L102,L115,L128,L134,L140,L155,L158,L178,L182",17,True,relay_cascade,,False,0.0,True,
1,20260708,L027->L051,L027,L051,True,True,36.76716258821504,36.76716258821504,0.0,1.0000000000000002,"L018,L027,L044,L045,L046,L051,L056,L057,L058,L060,L102,L115,L128,L134,L140,L155,L158,L178,L182",19,13.524410219170557,13.524410219170557,17,"L018,L044,L045,L046,L056,L057,L058,L060,L102,L115,L128,L134,L140,L155,L158,L178,L182",17,True,relay_cascade,,False,0.0,True,
1,20260708,L028->L051,L028,L051,True,True,36.76716258821504,36.76716258821504,0.0,1.0,"L018,L028,L044,L045,L046,L051,L056,L057,L058,L060,L102,L115,L128,L134,L140,L155,L158,L178,L182",19,13.521688194475407,13.521688194475407,17,"L018,L044,L045,L046,L056,L057,L058,L060,L102,L115,L128,L134,L140,L155,L158,L178,L182",17,True,relay_cascade,,False,0.0,True,
1,20260708,L029->L051,L029,L051,True,True,36.76716258821504,36.76716258821504,0.0,1.000000000000001,"L018,L029,L044,L045,L046,L051,L056,L057,L058,L060,L102,L115,L128,L134,L140,L155,L158,L178,L182",19,13.519709385734368,13.519709385734368,17,"L018,L044,L045,L046,L056,L057,L058,L060,L102,L115,L128,L134,L140,L155,L158,L178,L182",17,True,relay_cascade,,False,0.0,True,
1,20260708,L030->L051,L030,L051,True,True,36.76716258821504,36.76716258821504,0.0,1.0000000000000018,"L018,L030,L044,L045,L046,L051,L056,L057,L058,L060,L102,L115,L128,L134,L140,L155,L158,L178,L182",19,13.523457616072657,13.523457616072657,17,"L018,L044,L045,L046,L056,L057,L058,L060,L102,L115,L128,L134,L140,L155,L158,L178,L182",17,True,relay_cascade,,False,0.0,True,
1,20260708,L039->L051,L039,L051,True,True,36.76716258821504,36.76716258821504,0.0,1.0000000000000002,"L018,L039,L044,L045,L046,L051,L056,L057,L058,L060,L102,L115,L128,L134,L140,L155,L158,L178,L182",19,13.52518231135543,13.52518231135543,17,"L018,L044,L045,L046,L056,L057,L058,L060,L102,L115,L128,L134,L140,L155,L158,L178,L182",17,True,relay_cascade,,False,0.0,True,
1,20260708,L046->L051,L046,L051,True,True,36.76716258821504,36.76716258821504,0.0,1.0,"L018,L044,L045,L046,L051,L056,L057,L058,L060,L102,L111,L115,L128,L134,L140,L155,L158,L178,L182",19,13.53538327048452,13.53538327048452,17,"L018,L044,L045,L056,L057,L058,L060,L102,L111,L115,L128,L134,L140,L155,L158,L178,L182",17,True,relay_cascade,,False,0.0,True,
1,20260708,L052->L051,L052,L051,True,True,36.76716258821504,36.76716258821504,0.0,1.0000000000000002,"L018,L044,L045,L046,L051,L052,L056,L057,L058,L060,L102,L115,L128,L134,L140,L155,L158,L178,L182",19,13.53114093933033,13.53114093933033,17,"L018,L044,L045,L046,L056,L057,L058,L060,L102,L115,L128,L134,L140,L155,L158,L178,L182",17,True,relay_cascade,,False,0.0,True,
1,20260708,L053->L051,L053,L051,True,True,36.76716258821504,36.76716258821504,0.0,1.0000000000000002,"L018,L044,L045,L046,L051,L053,L056,L057,L058,L060,L102,L115,L128,L134,L140,L155,L158,L178,L182",19,13.527459473802075,13.527459473802075,17,"L018,L044,L045,L046,L056,L057,L058,L060,L102,L115,L128,L134,L140,L155,L158,L178,L182",17,True,relay_cascade,,False,0.0,True,
1,20260708,L055->L051,L055,L051,True,True,36.76716258821504,36.76716258821504,0.0,1.0000000000000002,"L018,L044,L045,L046,L051,L055,L056,L057,L058,L060,L102,L115,L128,L134,L140,L155,L158,L178,L182",19,13.527459473802075,13.527459473802075,17,"L018,L044,L045,L046,L056,L057,L058,L060,L102,L115,L128,L134,L140,L155,L158,L178,L182",17,True,relay_cascade,,False,0.0,True,
1,20260708,L057->L051,L057,L051,True,True,36.76716258821504,36.76716258821504,0.0,1.0,"L018,L044,L045,L046,L051,L056,L057,L058,L060,L102,L111,L115,L128,L134,L140,L155,L158,L178,L182",19,13.532548560878595,13.532548560878595,17,"L018,L044,L045,L046,L056,L058,L060,L102,L111,L115,L128,L134,L140,L155,L158,L178,L182",17,True,relay_cascade,,False,0.0,True,
1,20260708,L064->L051,L064,L051,True,True,36.76716258821504,36.76716258821504,0.0,1.0000000000000004,"L018,L044,L045,L046,L051,L056,L057,L058,L060,L064,L102,L115,L128,L134,L140,L155,L158,L178,L182",19,13.53127192373292,13.53127192373292,17,"L018,L044,L045,L046,L056,L057,L058,L060,L102,L115,L128,L134,L140,L155,L158,L178,L182",17,True,relay_cascade,,False,0.0,True,
1,20260708,L065->L051,L065,L051,True,True,36.76716258821504,36.76716258821504,0.0,1.0000000000000004,"L018,L044,L045,L046,L051,L056,L057,L058,L060,L065,L102,L115,L128,L134,L140,L155,L158,L178,L182",19,13.527988520110725,13.527988520110725,17,"L018,L044,L045,L046,L056,L057,L058,L060,L102,L115,L128,L134,L140,L155,L158,L178,L182",17,True,relay_cascade,,False,0.0,True,
1,20260708,L066->L051,L066,L051,True,True,36.76716258821504,36.76716258821504,0.0,1.0000000000000002,"L018,L044,L045,L046,L051,L056,L057,L058,L060,L066,L102,L115,L128,L134,L140,L155,L158,L178,L182",19,13.531140939330324,13.531140939330324,17,"L018,L044,L045,L046,L056,L057,L058,L060,L102,L115,L128,L134,L140,L155,L158,L178,L182",17,True,relay_cascade,,False,0.0,True,
1,20260708,L067->L051,L067,L051,True,True,36.76716258821504,36.76716258821504,0.0,1.0000000000000002,"L018,L044,L045,L046,L051,L056,L057,L058,L060,L067,L102,L115,L128,L134,L140,L155,L158,L178,L182",19,13.531140939330324,13.531140939330324,17,"L018,L044,L045,L046,L056,L057,L058,L060,L102,L115,L128,L134,L140,L155,L158,L178,L182",17,True,relay_cascade,,False,0.0,True,
1,20260708,L068->L051,L068,L051,True,True,36.76716258821504,36.76716258821504,0.0,1.0,"L018,L044,L045,L046,L051,L056,L057,L058,L060,L068,L102,L115,L128,L134,L140,L155,L158,L178,L182",19,13.50783735485274,13.50783735485274,17,"L018,L044,L045,L046,L056,L057,L058,L060,L102,L115,L128,L134,L140,L155,L158,L178,L182",17,True,relay_cascade,,False,0.0,True,
1,20260708,L069->L051,L069,L051,True,True,36.76716258821504,36.76716258821504,0.0,1.0,"L018,L044,L045,L046,L051,L056,L057,L058,L060,L069,L102,L115,L128,L134,L140,L155,L158,L178,L182",19,13.532261769455411,13.532261769455411,17,"L018,L044,L045,L046,L056,L057,L058,L060,L102,L115,L128,L134,L140,L155,L158,L178,L182",17,True,relay_cascade,,False,0.0,True,
1,20260708,L070->L051,L070,L051,True,True,36.76716258821504,36.76716258821504,0.0,1.000000000000001,"L018,L044,L045,L046,L051,L056,L057,L058,L060,L070,L102,L115,L128,L134,L140,L155,L158,L178,L182",19,13.52692816795296,13.52692816795296,17,"L018,L044,L045,L046,L056,L057,L058,L060,L102,L115,L128,L134,L140,L155,L158,L178,L182",17,True,relay_cascade,,False,0.0,True,
1,20260708,L071->L051,L071,L051,True,True,36.76716258821504,36.76716258821504,0.0,1.0000000000000009,"L018,L044,L045,L046,L051,L056,L057,L058,L060,L071,L102,L115,L128,L134,L140,L155,L158,L178,L182",19,13.522041659761989,13.522041659761989,17,"L018,L044,L045,L046,L056,L057,L058,L060,L102,L115,L128,L134,L140,L155,L158,L178,L182",17,True,relay_cascade,,False,0.0,True,
1,20260708,L072->L051,L072,L051,True,True,36.76716258821504,36.76716258821504,0.0,1.0,"L018,L044,L045,L046,L051,L056,L057,L058,L060,L072,L102,L115,L128,L134,L140,L155,L158,L178,L182",19,13.529886833875802,13.529886833875802,17,"L018,L044,L045,L046,L056,L057,L058,L060,L102,L115,L128,L134,L140,L155,L158,L178,L182",17,True,relay_cascade,,False,0.0,True,
1,20260708,L073->L051,L073,L051,True,True,36.76716258821504,36.76716258821504,0.0,1.0,"L018,L044,L045,L046,L051,L056,L057,L058,L060,L073,L102,L115,L128,L134,L140,L155,L158,L178,L182",19,13.530877113534622,13.530877113534622,17,"L018,L044,L045,L046,L056,L057,L058,L060,L102,L115,L128,L134,L140,L155,L158,L178,L182",17,True,relay_cascade,,False,0.0,True,
1,20260708,L074->L051,L074,L051,True,True,36.76716258821504,36.76716258821504,0.0,1.0,"L018,L044,L045,L046,L051,L056,L057,L058,L060,L074,L102,L115,L128,L134,L140,L155,L158,L178,L182",19,13.532084492090048,13.532084492090048,17,"L018,L044,L045,L046,L056,L057,L058,L060,L102,L115,L128,L134,L140,L155,L158,L178,L182",17,True,relay_cascade,,False,0.0,True,
1,20260708,L075->L051,L075,L051,True,True,36.76716258821504,36.76716258821504,0.0,1.0,"L018,L044,L045,L046,L051,L056,L057,L058,L060,L075,L102,L115,L128,L134,L140,L155,L158,L178,L182",19,13.528651713571264,13.528651713571264,17,"L018,L044,L045,L046,L056,L057,L058,L060,L102,L115,L128,L134,L140,L155,L158,L178,L182",17,True,relay_cascade,,False,0.0,True,
1,20260708,L076->L051,L076,L051,True,True,36.76716258821504,36.76716258821504,0.0,1.0,"L018,L044,L045,L046,L051,L056,L057,L058,L060,L076,L102,L115,L128,L134,L140,L155,L158,L178,L182",19,13.528672687754415,13.528672687754415,17,"L018,L044,L045,L046,L056,L057,L058,L060,L102,L115,L128,L134,L140,L155,L158,L178,L182",17,True,relay_cascade,,False,0.0,True,
1,20260708,L078->L051,L078,L051,True,True,36.76716258821504,36.76716258821504,0.0,1.0000000000000002,"L018,L044,L045,L046,L051,L056,L057,L058,L060,L078,L102,L115,L128,L134,L140,L155,L158,L178,L182",19,13.531336618368108,13.531336618368108,17,"L018,L044,L045,L046,L056,L057,L058,L060,L102,L115,L128,L134,L140,L155,L158,L178,L182",17,True,relay_cascade,,False,0.0,True,
1,20260708,L079->L051,L079,L051,True,True,36.76716258821504,36.76716258821504,0.0,1.0000000000000002,"L018,L044,L045,L046,L051,L056,L057,L058,L060,L079,L102,L115,L128,L134,L140,L155,L158,L178,L182",19,13.53117042503535,13.53117042503535,17,"L018,L044,L045,L046,L056,L057,L058,L060,L102,L115,L128,L134,L140,L155,L158,L178,L182",17,True,relay_cascade,,False,0.0,True,
1,20260708,L080->L051,L080,L051,True,True,36.76716258821504,36.76716258821504,0.0,1.0,"L018,L044,L045,L046,L051,L056,L057,L058,L060,L080,L102,L115,L128,L134,L140,L155,L158,L178,L182",19,13.530241680121623,13.530241680121623,17,"L018,L044,L045,L046,L056,L057,L058,L060,L102,L115,L128,L134,L140,L155,L158,L178,L182",17,True,relay_cascade,,False,0.0,True,
